SET NAMES latin1;
SET FOREIGN_KEY_CHECKS = 1;
SET SQL_SAFE_UPDATES = 0;
USE farmhouse;
--
-- Delete data from the table 'visita'
--
TRUNCATE TABLE visita;
--
-- Delete data from the table 'uscita'
--
TRUNCATE TABLE uscita;
--
-- Delete data from the table 'tracciamento'
--
TRUNCATE TABLE tracciamento;
--
-- Delete data from the table 'terapia'
--
TRUNCATE TABLE terapia;
--
-- Delete data from the table 'statosalute'
--
TRUNCATE TABLE statosalute;
--
-- Delete data from the table 'riproduzione'
--
TRUNCATE TABLE riproduzione;
--
-- Delete data from the table 'richiesta'
--
TRUNCATE TABLE richiesta;
--
-- Delete data from the table 'recensione'
--
TRUNCATE TABLE recensione;
--
-- Delete data from the table 'pernottamento'
--
TRUNCATE TABLE pernottamento;
--
-- Delete data from the table 'pagamento'
--
TRUNCATE TABLE pagamento;
--
-- Delete data from the table 'mungiturasingola'
--
TRUNCATE TABLE mungiturasingola;
--
-- Delete data from the table 'misurazioneposizione'
--
TRUNCATE TABLE misurazioneposizione;
--
-- Delete data from the table 'misurazionelocale'
--
TRUNCATE TABLE misurazionelocale;
--
-- Delete data from the table 'misurazioneattrezzatura'
--
TRUNCATE TABLE misurazioneattrezzatura;
--
-- Delete data from the table 'misurazionearia'
--
TRUNCATE TABLE misurazionearia;
--
-- Delete data from the table 'letto'
--
TRUNCATE TABLE letto;
--
-- Delete data from the table 'lesioni'
--
TRUNCATE TABLE lesioni;
--
-- Delete data from the table 'interventopulizia'
--
TRUNCATE TABLE interventopulizia;
--
-- Delete data from the table 'illuminazione'
--
TRUNCATE TABLE illuminazione;
--
-- Delete data from the table 'gita'
--
TRUNCATE TABLE gita;
--
-- Delete data from the table 'fruizione'
--
TRUNCATE TABLE fruizione;
--
-- Delete data from the table 'fasericetta'
--
TRUNCATE TABLE fasericetta;
--
-- Delete data from the table 'faseprocesso'
--
TRUNCATE TABLE faseprocesso;
--
-- Delete data from the table 'esamediagnostico'
--
TRUNCATE TABLE esamediagnostico;
--
-- Delete data from the table 'documento'
--
TRUNCATE TABLE documento;
--
-- Delete data from the table 'disturbocomportamentale'
--
TRUNCATE TABLE disturbocomportamentale;
--
-- Delete data from the table 'dativisita'
--
TRUNCATE TABLE dativisita;
--
-- Delete data from the table 'consumazionepasto'
--
TRUNCATE TABLE consumazionepasto;
--
-- Delete data from the table 'consumazioneacqua'
--
TRUNCATE TABLE consumazioneacqua;
--
-- Delete data from the table 'condizionamento'
--
TRUNCATE TABLE condizionamento;
--
-- Delete data from the table 'composizionesilos'
--
TRUNCATE TABLE composizionesilos;
--
-- Delete data from the table 'composizionelatte'
--
TRUNCATE TABLE composizionelatte;
--
-- Delete data from the table 'composizioneformaggio'
--
TRUNCATE TABLE composizioneformaggio;
--
-- Delete data from the table 'composizioneforaggio'
--
TRUNCATE TABLE composizioneforaggio;
--
-- Delete data from the table 'composizioneacqua'
--
TRUNCATE TABLE composizioneacqua;
--
-- Delete data from the table 'affidamento'
--
TRUNCATE TABLE affidamento;
--
-- Delete data from the table 'spedizione'
--
DELETE FROM spedizione;
--
-- Delete data from the table 'servizio'
--
DELETE FROM servizio;
--
-- Delete data from the table 'sensorelocale'
--
DELETE FROM sensorelocale;
--
-- Delete data from the table 'sensoreanimale'
--
DELETE FROM sensoreanimale;
--
-- Delete data from the table 'prodotto'
--
DELETE FROM prodotto;
--
-- Delete data from the table 'problema'
--
DELETE FROM problema;
--
-- Delete data from the table 'prenotazione'
--
DELETE FROM prenotazione;
--
-- Delete data from the table 'pascolo'
--
DELETE FROM pascolo;
--
-- Delete data from the table 'mungitura'
--
DELETE FROM mungitura;
--
-- Delete data from the table 'mungitrice'
--
DELETE FROM mungitrice;
--
-- Delete data from the table 'misurazionechimica'
--
DELETE FROM misurazionechimica;
--
-- Delete data from the table 'latte'
--
DELETE FROM latte;
--
-- Delete data from the table 'escursione'
--
DELETE FROM escursione;
--
-- Delete data from the table 'cella'
--
DELETE FROM cella;
--
-- Delete data from the table 'camera'
--
DELETE FROM camera;
--
-- Delete data from the table 'area'
--
DELETE FROM area;
--
-- Delete data from the table 'visitacontrollo'
--
DELETE FROM visitacontrollo;
--
-- Delete data from the table 'sensoresilos'
--
DELETE FROM sensoresilos;
--
-- Delete data from the table 'ordine'
--
DELETE FROM ordine;
--
-- Delete data from the table 'locale'
--
DELETE FROM locale;
--
-- Delete data from the table 'intervento'
--
DELETE FROM intervento;
--
-- Delete data from the table 'schedagestazione'
--
DELETE FROM schedagestazione;
--
-- Delete data from the table 'animale'
--
DELETE FROM animale;
--
-- Delete data from the table 'zona'
--
DELETE FROM zona;
--
-- Delete data from the table 'stalla'
--
DELETE FROM stalla;
--
-- Delete data from the table 'silos'
--
DELETE FROM silos;
--
-- Delete data from the table 'personale'
--
DELETE FROM personale;
--
-- Delete data from the table 'forma'
--
DELETE FROM forma;
--
-- Delete data from the table 'cliente'
--
DELETE FROM cliente;
--
-- Delete data from the table 'acquistoanimale'
--
DELETE FROM acquistoanimale;
--
-- Delete data from the table 'account'
--
DELETE FROM account;
--
-- Delete data from the table 'sensorestanza'
--
DELETE FROM sensorestanza;
--
-- Delete data from the table 'sensoreattrezzatura'
--
DELETE FROM sensoreattrezzatura;
--
-- Delete data from the table 'scaffalatura'
--
DELETE FROM scaffalatura;
--
-- Delete data from the table 'pasto'
--
DELETE FROM pasto;
--
-- Delete data from the table 'lotto'
--
DELETE FROM lotto;
--
-- Delete data from the table 'fornitore'
--
DELETE FROM fornitore;
--
-- Delete data from the table 'anagrafica'
--
DELETE FROM anagrafica;
--
-- Delete data from the table 'agriturismo'
--
DELETE FROM agriturismo;
--
-- Delete data from the table 'stanza'
--
DELETE FROM stanza;
--
-- Delete data from the table 'specieanimale'
--
DELETE FROM specieanimale;
--
-- Delete data from the table 'sostanzalatte'
--
DELETE FROM sostanzalatte;
--
-- Delete data from the table 'sostanzaacqua'
--
DELETE FROM sostanzaacqua;
--
-- Delete data from the table 'recinzione'
--
DELETE FROM recinzione;
--
-- Delete data from the table 'prodottofarmaceutico'
--
TRUNCATE TABLE prodottofarmaceutico;
--
-- Delete data from the table 'processo'
--
DELETE FROM processo;
--
-- Delete data from the table 'itinerario'
--
DELETE FROM itinerario;
--
-- Delete data from the table 'indirizzo'
--
DELETE FROM indirizzo;
--
-- Delete data from the table 'formaggio'
--
DELETE FROM formaggio;
--
-- Delete data from the table 'foraggio'
--
DELETE FROM foraggio;
--
-- Delete data from the table 'domanda'
--
DELETE FROM domanda;
--
-- Delete data from the table 'componentealimentare'
--
DELETE FROM componentealimentare;
--
-- Delete data from the table 'attrezzatura'
--
DELETE FROM attrezzatura;
--
-- Delete data from the table 'assunzione'
--
TRUNCATE TABLE assunzione;
--
-- Delete data from the table 'acqua'
--
DELETE FROM acqua;

--
-- Inserting data into table acqua
--
INSERT INTO acqua(Codice, DataOrarioSomministrazione, Litri) VALUES
(1, '2020-01-14 17:58:48', 9),
(2, '2020-01-26 01:43:09', 6),
(3, '2019-12-15 09:08:42', 8),
(4, '2019-12-15 08:01:07', 5),
(5, '2019-12-18 01:10:23', 6),
(6, '2019-12-23 01:10:46', 7),
(7, '2020-01-12 19:46:25', 7),
(8, '2020-01-12 10:41:14', 3),
(9, '2020-01-05 19:20:53', 4),
(10, '2020-01-03 01:15:55', 5),
(11, '2020-01-24 00:09:58', 7),
(12, '2019-12-15 08:10:12', 4),
(13, '2020-01-24 17:34:44', 4),
(14, '2020-01-16 18:03:52', 3),
(15, '2020-01-09 05:50:02', 7),
(16, '2019-12-15 08:00:00', 5);

--
-- Inserting data into table assunzione
--
INSERT INTO assunzione(CodiceTerapia, NomeFarmaco, Posologia, GiorniPausa, OrarioPrimaAssunzione, IntervalloAssunzione) VALUES
(13, 'Armputar', 2, 0, '10:09:00', '01:00:00'),
(7, 'Conjectphone', 4, 0, '17:45:55', '03:00:00'),
(5, 'Retagaor', 3, 2, '08:00:07', '01:45:00'),
(9, 'Refindor', 2, 0, '12:55:55', '01:45:00'),
(4, 'Protinry', 1, 1, '18:37:29', '00:00:00'),
(6, 'Cartholdlet', 4, 1, '19:55:17', '01:30:00'),
(2, 'Tweetlififiry', 2, 0, '08:13:22', '03:45:00'),
(1, 'Proculfier', 3, 0, '17:33:31', '03:00:00'),
(3, 'Tabfindfion', 3, 0, '08:00:07', '01:00:00'),
(10, 'Tabtascope', 2, 1, '13:55:44', '02:45:00'),
(14, 'Speakbandor', 2, 2, '16:23:17', '03:45:00'),
(12, 'Armholdon', 1, 2, '08:00:10', '00:30:00'),
(11, 'Miccyclplor', 3, 2, '08:04:59', '00:15:00'),
(8, 'Charceiventor', 4, 2, '09:22:06', '03:00:00');

--
-- Inserting data into table attrezzatura
--
INSERT INTO attrezzatura(Codice, Tipologia, Capienza, Materiale) VALUES
(1, 'M', 950, 'Legno'),
(2, 'A', 1100, 'Acciaio'),
(3, 'M', 1150, 'Plastica'),
(4, 'A', 950, 'Plastica'),
(5, 'M', 1550, 'Ceramica'),
(6, 'A', 1100, 'Legno'),
(7, 'M', 1450, 'Legno'),
(8, 'A', 250, 'Ceramica'),
(9, 'M', 2700, 'Legno'),
(10, 'A', 2600, 'Plastica'),
(11, 'M', 2550, 'Ceramica'),
(12, 'A', 650, 'Ceramica'),
(13, 'M', 400, 'Ceramica'),
(14, 'A', 1500, 'Legno'),
(15, 'M', 600, 'Acciaio'),
(16, 'A', 2450, 'Plastica'),
(17, 'M', 950, 'Legno'),
(18, 'A', 1050, 'Legno'),
(19, 'M', 50, 'Acciaio'),
(20, 'A', 2550, 'Legno'),
(21, 'M', 1000, 'Plastica'),
(22, 'A', 1350, 'Acciaio'),
(23, 'M', 450, 'Acciaio'),
(24, 'A', 1950, 'Legno'),
(25, 'M', 2050, 'Ceramica'),
(26, 'A', 1950, 'Acciaio'),
(27, 'M', 150, 'Plastica'),
(28, 'A', 2000, 'Acciaio'),
(29, 'M', 2650, 'Plastica'),
(30, 'A', 1100, 'Acciaio'),
(31, 'M', 1450, 'Ceramica'),
(32, 'A', 800, 'Acciaio'),
(33, 'M', 900, 'Ceramica'),
(34, 'A', 2450, 'Ceramica'),
(35, 'M', 1600, 'Legno'),
(36, 'A', 700, 'Acciaio'),
(37, 'M', 1450, 'Legno'),
(38, 'A', 400, 'Plastica'),
(39, 'M', 2350, 'Acciaio'),
(40, 'A', 1050, 'Plastica'),
(41, 'M', 2500, 'Ceramica'),
(42, 'A', 2850, 'Legno'),
(43, 'M', 1200, 'Acciaio'),
(44, 'A', 700, 'Ceramica'),
(45, 'M', 1350, 'Acciaio'),
(46, 'A', 1850, 'Legno'),
(47, 'M', 550, 'Plastica'),
(48, 'A', 1850, 'Ceramica'),
(49, 'M', 2000, 'Acciaio'),
(50, 'A', 2650, 'Ceramica'),
(51, 'M', 1100, 'Acciaio'),
(52, 'A', 1450, 'Plastica');

--
-- Inserting data into table componentealimentare
--
INSERT INTO componentealimentare(Nome, Tipologia, QtFibre, QtGlucidi, QtProteine, CaloriePerKg, CostoPerKg) VALUES
('Lattuga', 'P', 19, 66, 15, 4280, 7),
('Frumento', 'C', 20, 67, 13, 4270, 8),
('Mela', 'F', 7, 73, 20, 4590, 6),
('Orzo', 'C', 12, 58, 30, 4340, 4),
('Banana', 'F', 8, 70, 22, 4540, 6),
('Zucca', 'F', 9, 61, 30, 4430, 6),
('Carota', 'P', 15, 70, 15, 4400, 5),
('Riso', 'C', 20, 51, 29, 4110, 6),
('Melone', 'F', 16, 50, 34, 4180, 5),
('Topinambur', 'P', 10, 72, 18, 4520, 7);

--
-- Inserting data into table domanda
--
INSERT INTO domanda(Codice, Testo) VALUES
(1, 'Il tuo pittore preferito?'),
(2, 'Dove sei nato?'),
(3, 'Il posto più bello per te?'),
(4, 'Il nome del tuo gatto?'),
(5, 'Il cognome di tua zia?'),
(6, 'Cognome del tuo attore preferito?');

--
-- Inserting data into table foraggio
--
INSERT INTO foraggio(Codice, Tipologia) VALUES
(1, 'W'),
(2, 'I'),
(3, 'F');

--
-- Inserting data into table formaggio
--
INSERT INTO formaggio(Codice, Nome, TempoStagionatura, DescrizioneRicetta, GradoDeperibilita, ZonaGeografica, Tipologia, PrezzoKg) VALUES
(1, 'Pecorino', 24, 'Ricetta pecorino stagionato 24 mesi', 7, 'Brescia', 'D', 27),
(2, 'Feta', 12, 'Ricetta feta stagionato 12 mesi', 7, 'Avellino', 'D', 19),
(3, 'Puzzone', 18, 'Ricetta puzzone stagionato 18 mesi', 5, 'Pordenone', 'D', 28),
(4, 'Pecorino', 6, 'Ricetta pecorino stagionato 6 mesi', 10, 'Caltanissetta', 'D', 39),
(5, 'CacioCavallo', 18, 'Ricetta caciocavallo stagionato 18 mesi', 4, 'Catania', 'M', 18),
(6, 'Gorgonzola', 36, 'Ricetta gorgonzola stagionato 36 mesi', 9, 'Trento', 'M', 13),
(7, 'Puzzone', 12, 'Ricetta puzzone stagionato 12 mesi', 1, 'Bolzano', 'D', 29),
(8, 'Gorgonzola', 12, 'Ricetta gorgonzola stagionato 12 mesi', 2, 'Pisa', 'M', 26),
(9, 'Parmigiano', 24, 'Ricetta parmigiano stagionato 24 mesi', 6, 'Como', 'M', 38),
(10, 'Scamorza', 12, 'Ricetta scamorza stagionato 12 mesi', 2, 'Forlì-Cesena', 'M', 14);

--
-- Inserting data into table indirizzo
--
INSERT INTO indirizzo(Codice, Nazione, Regione, Citta, Via, Civico) VALUES
(1, 'Italia', 'Como', 'Perugia', 'Via Sicilia', '77'),
(2, 'Italia', 'Pordenone', 'Agrigento', 'Via Metastasio Pietro', '58'),
(3, 'Italia', 'Isernia', 'Frosinone', 'Via Prassitele', '17'),
(4, 'Italia', 'Imperia', 'Verbano-Cusio-Ossola', 'Via Boito Arrigo', '162'),
(5, 'China', 'Hubei', 'Wuhan', 'Xinhua Road', '1'),
(6, 'Italia', 'Enna', 'Pescara', 'Via America', '13'),
(7, 'Italia', 'Barletta-Andria-Trani', 'Imperia', 'Largo Pinturicchio', '63'),
(8, 'Italia', 'Fermo', 'Olbia-Tempio', 'Via Risorgimento', '4'),
(9, 'Italia', 'Milano', 'Perugia', 'Via Schumann Robert', '63'),
(10, 'Italia', 'Perugia', 'Agrigento', 'Giardino Margherita', '20'),
(11, 'Italia', 'Ogliastra', 'Milano', 'Via Canalotto', '30'),
(12, 'Italia', 'Taranto', 'Asti', 'Via Algol', '15'),
(13, 'Italia', 'Trento', 'Reggio Emilia', 'Via Ivrea', '30');

--
-- Inserting data into table itinerario
--
INSERT INTO itinerario(Codice, Lunghezza, Difficolta) VALUES
(1, 4, '4'),
(2, 1, '2'),
(3, 3, '5'),
(4, 1, '3'),
(5, 5, '1'),
(6, 3, '2'),
(7, 2, '5');

--
-- Inserting data into table processo
--
INSERT INTO processo(Codice, DataOrarioInizio, DataOrarioFine) VALUES
(1, '2018-07-31 12:33:17', '2018-08-01 18:25:21.70684'),
(2, '2018-01-01 08:09:29', '2018-01-02 04:47:48.869764'),
(3, '2019-05-25 13:28:21', '2019-05-27 08:19:59.849284'),
(4, '2018-10-10 10:36:12', '2018-10-11 21:33:53.5482');

--
-- Inserting data into table prodottofarmaceutico
--
INSERT INTO prodottofarmaceutico(Nome, PrincipioAttivo, Tipologia, CostoPerCompressa) VALUES
('Proculfier', 'Tritanxol', 'F', 4),
('Tweetlififiry', 'Duolontan', 'F', 4),
('Tabfindfion', 'Irechloridexol', 'I', 3),
('Protinry', 'Valcocurdar', 'F', 5),
('Retagaor', 'Zaletanzol', 'F', 1),
('Cartholdlet', 'Aricarpamvant', 'I', 3),
('Conjectphone', 'Endohydrozyl', 'F', 6),
('Charceiventor', 'Alfunatriol', 'F', 2),
('Refindor', 'Adisoprodar', 'I', 6),
('Tabtascope', 'Etoperixin', 'I', 5),
('Miccyclplor', 'Dynafasol', 'I', 2),
('Armholdon', 'Felochloridezyl', 'F', 3),
('Armputar', 'Deltanarex', 'I', 5),
('Speakbandor', 'Ramichloridemuc', 'I', 5),
('Replottentor', 'Natacarpamlol', 'F', 3),
('Tweetcyclewphone', 'Oxisonlam', 'F', 1),
('Monplotter', 'Afclotriol', 'F', 2),
('Teputor', 'Natafanon', 'I', 2),
('Tabculoner', 'Enacurfen', 'I', 2),
('Playnira', 'Alfugovex', 'F', 5);

--
-- Inserting data into table recinzione
--
INSERT INTO recinzione(Codice, Materiale, Altezza, Angolo) VALUES
(1, 'Corda', 90, 122),
(2, 'Ferro', 142, 225),
(3, 'Corda', 297, 331),
(4, 'Plastica', 273, 213),
(5, 'Legno', 270, 161),
(6, 'Corda', 226, 9);

--
-- Inserting data into table sostanzaacqua
--
INSERT INTO sostanzaacqua(Nome, Tipologia, CostoPerKg) VALUES
('Calcio', 'S', 7),
('Vitamina A', 'V', 17),
('Fosforo', 'S', 6),
('Magnesio', 'S', 21),
('Potassio', 'S', 19),
('Sodio', 'S', 22),
('Vitamina C', 'V', 10),
('Ferro', 'S', 30),
('Vitamina D', 'V', 29),
('Zinco', 'S', 13),
('Vitamina K', 'V', 20);

--
-- Inserting data into table sostanzalatte
--
INSERT INTO sostanzalatte(Nome, Tipologia) VALUES
('Lattosio', 'C'),
('Calcio', 'S'),
('Caseina', 'P'),
('Globuli', 'L');

--
-- Inserting data into table specieanimale
--
INSERT INTO specieanimale(Codice, Famiglia, Razza, Tipologia) VALUES
(1, 'Bovinae', 'Ayrshire', 'B'),
(2, 'Bovinae', 'Bruna', 'B'),
(3, 'Caprinae', 'Frontalasca', 'C'),
(4, 'Caprinae', 'Pelibuey', 'O'),
(5, 'Caprinae', 'Monticellana', 'C'),
(6, 'Caprinae', 'Pomellata', 'C'),
(7, 'Bovinae', 'Frisona', 'B'),
(8, 'Caprinae', 'Foza', 'O');

--
-- Inserting data into table stanza
--
INSERT INTO stanza(Codice, Tipologia, Dimensione) VALUES
(1, 'C', 325),
(2, 'M', 181),
(3, 'L', 46),
(4, 'C', 192),
(5, 'M', 50),
(6, 'L', 294),
(7, 'C', 324),
(8, 'M', 32),
(9, 'L', 211),
(10, 'C', 297),
(11, 'M', 133),
(12, 'L', 148);

--
-- Inserting data into table agriturismo
--
INSERT INTO agriturismo(RagioneSociale, Descrizione, Telefono, Mail, CodiceIndirizzo) VALUES
('Buongusto S.r.l.', 'Accoglienza semplice e genuina, vicinanza ai principali luoghi di interesse, ottimi prodotti: caratteristiche vincenti per una vacanza indimenticabile.', '+393331114828', 'info@buongusto.it', 1),
('LaGrotta S.r.l.', 'Ottimo per famiglie con bambini, offriamo memorabili esperienze, delizioni prodotti e inredibili servizi. Vieni a trovarci!', '+393658365133', 'info@lagrotta.it', 2);

--
-- Inserting data into table anagrafica
--
INSERT INTO anagrafica(CodiceFiscale, Nome, Cognome, NumeroTelefono, CodiceIndirizzo) VALUES
('BRRDNN54Q57A562R', 'Donnino', 'Burrai', '+393331114828', 6),
('BTTMRN94G74B033D', 'Amorino', 'Abati', '+393658365133', 7),
('BRLRSS70P52Q689K', 'Rossano', 'Barolini', '+393992376286', 8),
('BLNLRN70B18P547V', 'Laurentina', 'Blini', '+393134366168', 9),
('CRVMRG43Z46L914T', 'Margarita', 'Crevatini', '+393773723313', 10),
('SCCBBN60A02T077F', 'Abbondia', 'Isacco', '+393521892383', 11),
('BBTLPN86T54W768J', 'Alpinolo', 'Abbatemattei', '+393798697947', 12),
('BNNNLD56P21O877G', 'Nelide', 'Buian', '+393812513483', 13);

--
-- Inserting data into table fornitore
--
INSERT INTO fornitore(PartitaIVA, RagioneSociale, CodiceIndirizzo) VALUES
('38426512617', 'Allevamento Bartolini S.r.l.', 3),
('21069289552', 'Animalandia S.p.a.', 4),
('88903779812', 'Wuhan Market', 5);

--
-- Inserting data into table lotto
--
INSERT INTO lotto(Codice, Scadenza, CodiceLaboratorio, CodiceProcesso) VALUES
(1, '2020-05-25', 3, 2),
(2, '2020-06-06', 6, 4),
(3, '2020-03-04', 9, 3),
(4, '2020-06-05', 12, 4);

--
-- Inserting data into table pasto
--
INSERT INTO pasto(Codice, DataOrarioSomministrazione, CodiceForaggio) VALUES
(1, '2020-01-10 16:28:25', 2),
(2, '2020-02-05 05:50:43', 2),
(3, '2019-12-15 09:08:42', 2),
(4, '2019-12-15 08:01:07', 2),
(5, '2019-12-29 10:04:23', 2),
(6, '2019-12-16 22:43:29', 2),
(7, '2020-02-01 22:36:42', 2),
(8, '2020-01-29 16:20:19', 1),
(9, '2019-12-23 00:51:59', 3),
(10, '2020-01-09 22:46:34', 2),
(11, '2019-12-19 15:34:36', 3),
(12, '2019-12-15 08:10:12', 1),
(13, '2020-01-15 02:50:18', 1),
(14, '2020-01-13 11:36:36', 3),
(15, '2019-12-30 18:41:26', 2),
(16, '2019-12-15 08:00:00', 3),
(17, '2020-01-01 03:15:59', 1),
(18, '2019-12-23 05:10:35', 2),
(19, '2019-12-19 09:30:05', 1),
(20, '2020-01-01 15:10:04', 2),
(21, '2019-12-22 06:19:30', 2),
(22, '2020-01-04 23:47:54', 1),
(23, '2019-12-15 08:00:08', 1),
(24, '2020-01-10 19:36:23', 1),
(25, '2020-02-05 06:05:56', 2),
(26, '2019-12-25 21:57:18', 2),
(27, '2019-12-15 08:01:04', 2),
(28, '2019-12-15 08:00:02', 2),
(29, '2019-12-15 09:45:09', 3),
(30, '2020-02-01 04:33:20', 3),
(31, '2019-12-15 08:01:37', 1),
(32, '2019-12-29 11:18:59', 2);

--
-- Inserting data into table scaffalatura
--
INSERT INTO scaffalatura(Codice, MaxProdotti, CodiceCantina, CodiceMagazzino) VALUES
(1, 38, 1, NULL),
(2, 30, NULL, 5),
(3, 25, 7, NULL),
(4, 43, NULL, 11),
(5, 15, 1, NULL),
(6, 24, NULL, 5),
(7, 33, 7, NULL),
(8, 41, NULL, 11),
(9, 48, 1, NULL),
(10, 35, NULL, 5),
(11, 44, 7, NULL),
(12, 7, NULL, 11),
(13, 47, 1, NULL),
(14, 28, NULL, 5),
(15, 9, 7, NULL),
(16, 44, NULL, 11),
(17, 36, 1, NULL),
(18, 28, NULL, 5),
(19, 45, 7, NULL),
(20, 31, NULL, 11),
(21, 11, 1, NULL),
(22, 35, NULL, 5),
(23, 16, 7, NULL),
(24, 9, NULL, 11),
(25, 42, 1, NULL),
(26, 42, NULL, 5),
(27, 18, 7, NULL),
(28, 13, NULL, 11),
(29, 19, 1, NULL),
(30, 9, NULL, 5),
(31, 23, 7, NULL),
(32, 5, NULL, 11),
(33, 17, 1, NULL),
(34, 47, NULL, 5),
(35, 21, 7, NULL),
(36, 8, 10, 11),
(37, 26, NULL, 2),
(38, 34, 4, NULL),
(39, 11, NULL, 8),
(40, 50, 10, NULL);

--
-- Inserting data into table sensoreattrezzatura
--
INSERT INTO sensoreattrezzatura(Codice, FrequenzaMisurazione, Costo, CodiceAttrezzatura) VALUES
(1, '01:00:00', 28, 44),
(2, '03:00:00', 31, 5),
(3, '01:45:00', 32, 28),
(4, '01:45:00', 19, 47),
(5, '00:00:00', 34, 48),
(6, '01:30:00', 15, 23),
(7, '03:45:00', 29, 46),
(8, '03:00:00', 17, 11),
(9, '01:00:00', 34, 6),
(10, '02:45:00', 15, 45),
(11, '03:45:00', 23, 29),
(12, '00:30:00', 22, 21),
(13, '00:15:00', 39, 1),
(14, '03:00:00', 33, 7),
(15, '03:00:00', 40, 2),
(16, '00:00:00', 33, 24),
(17, '03:00:00', 17, 30),
(18, '00:30:00', 32, 16),
(19, '01:15:00', 26, 39),
(20, '01:00:00', 27, 22),
(21, '03:30:00', 25, 25),
(22, '00:00:00', 38, 34),
(23, '02:15:00', 31, 8),
(24, '02:30:00', 34, 40),
(25, '02:15:00', 18, 35),
(26, '01:30:00', 20, 31),
(27, '00:30:00', 27, 26),
(28, '03:30:00', 18, 17),
(29, '03:15:00', 40, 41),
(30, '00:00:00', 34, 36),
(31, '00:30:00', 33, 42),
(32, '02:30:00', 31, 32),
(33, '02:45:00', 15, 37),
(34, '03:15:00', 27, 12),
(35, '00:30:00', 28, 18),
(36, '01:45:00', 29, 43),
(37, '01:30:00', 40, 3),
(38, '01:45:00', 36, 13),
(39, '00:15:00', 37, 27),
(40, '02:30:00', 34, 9),
(41, '01:45:00', 30, 33),
(42, '02:00:00', 25, 38),
(43, '01:45:00', 18, 4),
(44, '01:15:00', 30, 10),
(45, '00:00:00', 40, 19),
(46, '00:45:00', 34, 14),
(47, '03:30:00', 36, 20),
(48, '02:15:00', 25, 15);

--
-- Inserting data into table sensorestanza
--
INSERT INTO sensorestanza(Codice, FrequenzaMisurazione, Costo, CodiceStanza) VALUES
(1, '01:00:00', 34, 4),
(2, '03:00:00', 22, 9),
(3, '01:45:00', 15, 4),
(4, '01:45:00', 35, 3),
(5, '00:00:00', 21, 2),
(6, '01:30:00', 23, 10),
(7, '03:45:00', 30, 4),
(8, '03:00:00', 15, 6),
(9, '01:00:00', 37, 3),
(10, '02:45:00', 39, 8),
(11, '03:45:00', 39, 12),
(12, '00:30:00', 30, 4),
(13, '00:15:00', 31, 5),
(14, '03:00:00', 15, 3),
(15, '03:00:00', 24, 8),
(16, '00:00:00', 25, 11),
(17, '03:00:00', 18, 2),
(18, '00:30:00', 23, 10),
(19, '01:15:00', 31, 11),
(20, '01:00:00', 20, 1),
(21, '03:30:00', 25, 7),
(22, '00:00:00', 21, 8),
(23, '02:15:00', 40, 11),
(24, '02:30:00', 26, 9);

--
-- Inserting data into table account
--
INSERT INTO account(NomeUtente, Password, Mail, DataIscrizione, Risposta, CodiceAnagrafica, CodiceDomanda) VALUES
('Torti2021', 'iqasxjo', 'Gelsino_Q.Abruzzo162@gmail.com', '2018-01-14', 'Baltimore', 'BBTLPN86T54W768J', 6),
('Aventino1972', 'kzjpvbueiwq', 'StalinoAbbatedaga658@gmail.com', '2018-07-01', 'Vincent van Gogh', 'SCCBBN60A02T077F', 1);

--
-- Inserting data into table acquistoanimale
--
INSERT INTO acquistoanimale(Codice, DataAcquisto, DataArrivo, Costo, PartitaIVAFornitore) VALUES
(1, '2018-01-14', '2018-01-25', 565, '38426512617'),
(2, '2018-07-01', '2018-07-07', 2272, '21069289552'),
(3, '2019-09-07', '2019-09-14', 896, '38426512617'),
(4, '2018-03-20', '2018-03-27', 4452, '88903779812'),
(5, '2019-10-23', '2019-11-02', 4567, '21069289552'),
(6, '2018-01-14', '2018-01-26', 3890, '38426512617'),
(7, '2019-03-24', '2019-04-03', 1676, '38426512617'),
(8, '2019-02-01', '2019-02-10', 554, '21069289552'),
(9, '2018-10-17', '2018-10-24', 525, '38426512617');

--
-- Inserting data into table cliente
--
INSERT INTO cliente(CodiceCarta, CodiceAnagrafica) VALUES
('377352674386511', 'BNNNLD56P21O877G'),
('5146180120206788', 'BRRDNN54Q57A562R'),
('5496115940963149', 'CRVMRG43Z46L914T'),
('4508245577108483', 'BTTMRN94G74B033D'),
('4175000190033507', 'SCCBBN60A02T077F');

--
-- Inserting data into table forma
--
INSERT INTO forma(Codice, Peso, CodiceFormaggio, CodiceScaffale) VALUES
(1, 7100, 4, NULL),
(2, 5400, 5, 12),
(3, 6100, 2, 24),
(4, 7300, 4, NULL),
(5, 7000, 7, 28),
(6, 5500, 4, 27),
(7, 4100, 10, 5),
(8, 4600, 8, NULL),
(9, 6700, 5, 12),
(10, 5300, 3, NULL),
(11, 2800, 2, NULL),
(12, 3600, 8, NULL),
(13, 4700, 6, 5),
(14, 1600, 10, NULL),
(15, 4700, 5, 20),
(16, 3300, 7, 21),
(17, 6400, 2, 24),
(18, 6000, 2, 28),
(19, 5700, 6, 4),
(20, 7200, 7, 29),
(21, 4200, 3, 9),
(22, 2600, 7, NULL),
(23, 4800, 10, 9),
(24, 2400, 1, 24),
(25, 1600, 4, NULL),
(26, 4000, 3, 14),
(27, 6000, 6, NULL),
(28, 5500, 10, 27),
(29, 4400, 2, 19),
(30, 4200, 5, NULL),
(31, 5600, 4, 24),
(32, 2400, 7, NULL),
(33, 4700, 4, 13),
(34, 7300, 6, 13),
(35, 5500, 7, 12),
(36, 5800, 9, 5),
(37, 1800, 9, 14),
(38, 1900, 9, 32),
(39, 3100, 8, 38),
(40, 1300, 7, 21);

--
-- Inserting data into table personale
--
INSERT INTO personale(Matricola, Ruolo, Nome, Cognome, RagioneSocialeAgriturismo) VALUES
('ID000', 'O', 'Donnino', 'Burrai', 'Buongusto S.r.l.'),
('ID001', 'O', 'Amorino', 'Abati', 'LaGrotta S.r.l.'),
('ID002', 'V', 'Rossano', 'Barolini', 'Buongusto S.r.l.'),
('ID003', 'G', 'Laurentina', 'Blini', 'LaGrotta S.r.l.'),
('ID004', 'G', 'Margarita', 'Crevatini', 'Buongusto S.r.l.'),
('ID005', 'V', 'Abbondia', 'Isacco', 'LaGrotta S.r.l.'),
('ID006', 'I', 'Alpinolo', 'Abbatemattei', 'Buongusto S.r.l.'),
('ID007', 'O', 'Nelide', 'Buian', 'LaGrotta S.r.l.');

--
-- Inserting data into table silos
--
INSERT INTO silos(Codice, LivelloLiquido, Capienza, RagioneSocialeAgriturismo) VALUES
(1, 245291, 284000, 'Buongusto S.r.l.'),
(2, 0, 519000, 'LaGrotta S.r.l.'),
(3, 109396, 318000, 'Buongusto S.r.l.'),
(4, 114930, 407000, 'LaGrotta S.r.l.');

--
-- Inserting data into table stalla
--
INSERT INTO stalla(Codice, Ventilazione, StrutturaPortante, TipologiaTettoia, PendenzaTettoia, RagioneSocialeAgriturismo) VALUES
(1, 'Attiva', 'Legno', 'Doppia', 31, 'LaGrotta S.r.l.'),
(2, 'Passiva', 'Acciao', 'Doppia', 34, 'Buongusto S.r.l.'),
(3, 'Attiva', 'Legno', 'Singola', 30, 'LaGrotta S.r.l.'),
(4, 'Passiva', 'Calcestruzzo', 'Doppia', 25, 'Buongusto S.r.l.');

--
-- Inserting data into table zona
--
INSERT INTO zona(Codice, Descrizione, CodiceRecinzioneA, CodiceRecinzioneB, CodiceMangiatoia, CodiceAbbeveratoio, RagioneSocialeAgriturismo) VALUES
(1, 'Rustica con erbe selvatiche', 6, 1, 49, 51, 'LaGrotta S.r.l.'),
(2, 'Leggermente scoscesa con prato da semi', 1, 6, 50, 52, 'Buongusto S.r.l.'),
(3, 'Pianeggiante con erbe seminate', 3, 2, NULL, NULL, 'LaGrotta S.r.l.'),
(4, 'Umida con piante spontanee', 2, 2, NULL, NULL, 'Buongusto S.r.l.');

--
-- Inserting data into table animale
--
INSERT INTO animale(Codice, DataNascita, DataDecesso, Peso, Altezza, Sesso, CodiceSpecie, CodiceAcquisto, RagioneSocialeAgriturismo) VALUES
(1, '2016-04-24', NULL, 54, 149, 'M', 3, 5, 'LaGrotta S.r.l.'),
(2, '2010-07-01', NULL, 266, 73, 'F', 5, NULL, 'Buongusto S.r.l.'),
(3, '2011-09-07', NULL, 243, 76, 'M', 8, NULL, 'LaGrotta S.r.l.'),
(4, '2019-10-09', NULL, 723, 123, 'F', 4, NULL, 'Buongusto S.r.l.'),
(5, '2010-11-29', NULL, 542, 110, 'M', 6, 4, 'LaGrotta S.r.l.'),
(6, '2017-01-11', NULL, 568, 91, 'F', 8, NULL, 'LaGrotta S.r.l.'),
(7, '2010-03-31', '2020-02-04', 167, 64, 'M', 4, 9, 'LaGrotta S.r.l.'),
(8, '2011-02-01', NULL, 7, 86, 'F', 6, NULL, 'LaGrotta S.r.l.'),
(9, '2012-11-15', NULL, 565, 93, 'M', 8, NULL, 'LaGrotta S.r.l.'),
(10, '2017-12-19', NULL, 804, 79, 'F', 2, 3, 'Buongusto S.r.l.'),
(11, '2014-11-09', '2019-12-21', 200, 67, 'M', 3, 7, 'LaGrotta S.r.l.'),
(12, '2012-11-01', NULL, 164, 89, 'F', 8, 8, 'LaGrotta S.r.l.'),
(13, '2012-10-30', NULL, 460, 142, 'M', 2, NULL, 'LaGrotta S.r.l.'),
(14, '2012-07-11', '2019-11-11', 704, 113, 'F', 1, NULL, 'Buongusto S.r.l.'),
(15, '2012-10-09', NULL, 538, 77, 'M', 7, NULL, 'LaGrotta S.r.l.'),
(16, '2012-09-28', NULL, 237, 137, 'F', 8, NULL, 'LaGrotta S.r.l.'),
(17, '2012-05-16', NULL, 482, 135, 'M', 3, NULL, 'LaGrotta S.r.l.'),
(18, '2010-11-16', NULL, 160, 93, 'F', 4, NULL, 'Buongusto S.r.l.'),
(19, '2017-01-08', NULL, 12, 82, 'M', 8, NULL, 'LaGrotta S.r.l.'),
(20, '2019-12-24', NULL, 83, 145, 'F', 5, NULL, 'LaGrotta S.r.l.'),
(21, '2011-03-24', NULL, 914, 141, 'M', 6, 2, 'Buongusto S.r.l.'),
(22, '2013-06-24', NULL, 884, 65, 'F', 6, NULL, 'Buongusto S.r.l.'),
(23, '2017-06-16', NULL, 28, 66, 'M', 8, NULL, 'LaGrotta S.r.l.'),
(24, '2015-04-30', NULL, 300, 122, 'F', 1, NULL, 'Buongusto S.r.l.'),
(25, '2012-07-05', NULL, 78, 75, 'M', 1, NULL, 'LaGrotta S.r.l.'),
(26, '2013-08-09', NULL, 214, 62, 'F', 2, NULL, 'Buongusto S.r.l.'),
(27, '2011-02-26', NULL, 46, 108, 'M', 2, NULL, 'Buongusto S.r.l.'),
(28, '2013-03-05', NULL, 111, 96, 'F', 1, NULL, 'Buongusto S.r.l.'),
(29, '2016-09-19', NULL, 107, 127, 'M', 2, NULL, 'LaGrotta S.r.l.'),
(30, '2019-01-31', NULL, 6, 118, 'F', 6, NULL, 'Buongusto S.r.l.'),
(31, '2012-07-01', NULL, 23, 117, 'M', 1, 1, 'Buongusto S.r.l.'),
(32, '2019-03-06', NULL, 93, 134, 'F', 4, NULL, 'LaGrotta S.r.l.'),
(33, '2019-08-20', NULL, 115, 83, 'M', 3, NULL, 'LaGrotta S.r.l.'),
(34, '2010-06-25', NULL, 588, 115, 'F', 4, NULL, 'Buongusto S.r.l.'),
(35, '2010-02-21', NULL, 804, 121, 'M', 4, NULL, 'LaGrotta S.r.l.'),
(36, '2013-11-14', NULL, 862, 66, 'F', 5, NULL, 'Buongusto S.r.l.');

--
-- Inserting data into table schedagestazione
--
INSERT INTO schedagestazione(Codice, Gravidanza, MatricolaPersonale) VALUES
(1, 1, 'ID001'),
(2, 1, 'ID000'),
(3, 1, 'ID004'),
(4, 2, 'ID007'),
(5, 0, 'ID005'),
(6, 2, 'ID001'),
(7, 2, 'ID007');

--
-- Inserting data into table intervento
--
INSERT INTO intervento(Codice, DataProgrammata, DataEffettiva, Esito, CodiceSchedaGestazione, MatricolaPersonale) VALUES
(1, '2018-01-14', '2018-01-15', 1, 4, 'ID001'),
(2, '2018-07-01', '2018-07-06', 0, 5, 'ID002'),
(3, '2019-09-07', '2019-09-08', 1, 5, 'ID006'),
(4, '2018-03-20', '2018-03-26', 0, 6, 'ID007'),
(5, '2019-10-23', '2019-10-28', 0, 2, 'ID000'),
(6, '2018-01-14', '2018-01-16', 0, 4, 'ID004'),
(7, '2019-03-24', '2019-03-26', 0, 5, 'ID007'),
(8, '2019-02-01', '2019-02-06', 1, 4, 'ID003'),
(9, '2018-10-17', '2018-10-21', 1, 7, 'ID002'),
(10, '2019-06-20', '2019-06-25', 0, 6, 'ID003'),
(11, '2019-12-31', '2020-01-01', 0, 1, 'ID003'),
(12, '2019-12-27', '2019-12-31', 0, 1, 'ID001'),
(13, '2019-11-09', '2019-11-11', 1, 7, 'ID004'),
(14, '2018-10-02', '2018-10-06', 0, 7, 'ID004');

--
-- Inserting data into table locale
--
INSERT INTO locale(Codice, Pavimentazione, Capienza, Tipologia, OrientamentoFinestre, Larghezza, Lunghezza, Altezza, CodiceStalla) VALUES
(1, 'Legno', 6, 'B', 'E', 2, 10, 5, 1),
(2, 'Legno', 4, 'B', 'E', 9, 11, 4, 2),
(3, 'Terra', 4, 'O', 'N', 10, 10, 5, 3),
(4, 'Cemento', 6, 'O', 'E', 8, 10, 5, 4),
(5, 'Legno', 10, 'C', 'O', 6, 10, 5, 1),
(6, 'Legno', 8, 'C', 'E', 3, 3, 4, 2),
(7, 'Cemento', 5, 'O', 'E', 7, 4, 4, 3),
(8, 'Terra', 6, 'B', 'S', 9, 8, 3, 4);

--
-- Inserting data into table ordine
--
INSERT INTO ordine(Codice, DataOrario, Stato, NomeUtenteAccount) VALUES
(1, '2020-01-24 13:13:49', 'Spedito', 'Torti2021'),
(2, '2020-02-04 10:19:50', 'Preparazione', 'Aventino1972'),
(3, '2020-01-15 12:43:45', 'Evaso', 'Aventino1972'),
(4, '2020-02-01 11:16:24', 'Pendente', 'Torti2021'),
(5, '2020-01-25 18:28:32', 'Evaso', 'Aventino1972');

--
-- Inserting data into table sensoresilos
--
INSERT INTO sensoresilos(Codice, FrequenzaMisurazione, Costo, CodiceSilos) VALUES
(1, '01:00:00', 38, 3),
(2, '03:00:00', 19, 2),
(3, '01:45:00', 20, 4),
(4, '01:45:00', 25, 1);

--
-- Inserting data into table visitacontrollo
--
INSERT INTO visitacontrollo(Codice, Data, MassaMagra, MassaGrassa, MatricolaPersonale, CodiceAnimale) VALUES
(1, '2018-01-14', 52, 48, 'ID005', 13),
(2, '2018-07-01', 66, 34, 'ID002', 18),
(3, '2019-09-07', 61, 39, 'ID002', 8),
(4, '2018-03-20', 65, 35, 'ID003', 8),
(5, '2019-10-23', 68, 32, 'ID001', 28),
(6, '2018-01-14', 56, 44, 'ID006', 9),
(7, '2019-03-24', 65, 35, 'ID004', 8),
(8, '2019-02-01', 52, 48, 'ID003', 7),
(9, '2018-10-17', 49, 51, 'ID000', 6),
(10, '2019-06-20', 57, 43, 'ID000', 8),
(11, '2019-12-31', 58, 42, 'ID002', 20),
(12, '2019-12-27', 59, 41, 'ID000', 16),
(13, '2019-11-09', 45, 55, 'ID000', 22),
(14, '2018-10-02', 64, 36, 'ID001', 30),
(15, '2018-11-14', 52, 48, 'ID001', 27),
(16, '2018-03-16', 65, 35, 'ID004', 1),
(17, '2019-11-24', 63, 37, 'ID002', 11),
(18, '2018-03-27', 60, 40, 'ID005', 28),
(19, '2018-03-06', 46, 54, 'ID000', 25),
(20, '2018-02-12', 60, 40, 'ID003', 15),
(21, '2018-12-08', 52, 48, 'ID001', 8),
(22, '2018-03-14', 56, 44, 'ID000', 17),
(23, '2018-07-17', 50, 50, 'ID007', 30),
(24, '2018-01-11', 59, 41, 'ID004', 32),
(25, '2019-08-15', 45, 55, 'ID006', 22),
(26, '2018-02-21', 55, 45, 'ID004', 26),
(27, '2019-10-26', 64, 36, 'ID002', 20),
(28, '2018-09-30', 46, 54, 'ID003', 12),
(29, '2019-03-25', 49, 51, 'ID002', 10),
(30, '2018-02-25', 57, 43, 'ID006', 20),
(31, '2018-01-05', 65, 35, 'ID006', 21),
(32, '2018-03-15', 61, 39, 'ID007', 29),
(33, '2019-05-14', 57, 43, 'ID003', 6),
(34, '2018-06-25', 51, 49, 'ID005', 23),
(35, '2018-10-29', 57, 43, 'ID005', 7),
(36, '2019-11-19', 55, 45, 'ID005', 27),
(37, '2019-07-11', 54, 46, 'ID003', 7),
(38, '2018-07-17', 53, 47, 'ID005', 35),
(39, '2018-01-18', 55, 45, 'ID005', 13),
(40, '2018-02-20', 53, 47, 'ID005', 1),
(41, '2019-12-27', 45, 55, 'ID003', 21),
(42, '2018-07-31', 65, 35, 'ID005', 9),
(43, '2018-06-12', 56, 44, 'ID002', 24);

--
-- Inserting data into table area
--
INSERT INTO area(Nome, Superficie, RagioneSocialeAgriturismo) VALUES
('B-Allevamento', 71, 'Buongusto S.r.l.'),
('L-Allevamento', 652, 'LaGrotta S.r.l.'),
('B-Laboratorio', 134, 'Buongusto S.r.l.'),
('L-Laboratorio', 152, 'LaGrotta S.r.l.'),
('B-Dispensa', 122, 'Buongusto S.r.l.'),
('L-Cantina', 344, 'LaGrotta S.r.l.'),
('B-Cantina', 775, 'Buongusto S.r.l.'),
('L-Bosco', 471, 'LaGrotta S.r.l.');

--
-- Inserting data into table camera
--
INSERT INTO camera(Codice, Tipologia, CostoGiornaliero, RagioneSocialeAgriturismo) VALUES
(1, 'S', 134, 'Buongusto S.r.l.'),
(2, 'S', 193, 'LaGrotta S.r.l.'),
(3, 'N', 62, 'Buongusto S.r.l.'),
(4, 'N', 50, 'LaGrotta S.r.l.');

--
-- Inserting data into table cella
--
INSERT INTO cella(Codice, Tipologia, CodiceLocale, CodiceAnimale, CodiceMangiatoia, CodiceAbbeveratoio) VALUES
(1, 'O', 7, 23, 1, 2),
(2, 'B', 8, 28, 3, 4),
(3, 'B', 1, 17, 5, 6),
(4, 'C', 6, 30, 7, 8),
(5, 'B', 1, 13, 9, 10),
(6, 'O', 3, 3, 11, 12),
(7, 'C', 6, 34, 13, 14),
(8, 'B', 1, 29, 15, 16),
(9, 'O', 7, 16, 17, 18),
(10, 'B', 1, 1, 19, 20),
(11, 'C', 6, 22, 21, 22),
(12, 'B', 1, 25, 23, 24),
(13, 'C', 6, 18, 25, 26),
(14, 'B', 8, 31, 27, 28),
(15, 'C', 6, 2, 29, 30),
(16, 'B', 8, 24, 31, 32),
(17, 'O', 3, 6, 33, 34),
(18, 'B', 2, 26, 35, 36),
(19, 'B', 1, 33, 37, 38),
(20, 'C', 6, 4, 39, 40),
(21, 'O', 3, 15, 41, 42),
(22, 'B', 2, 27, 43, 44),
(23, 'O', 3, 19, 45, 46),
(24, 'O', 7, 12, 47, 48);

--
-- Inserting data into table escursione
--
INSERT INTO escursione(Codice, DataOrario, Costo, CodiceItinerario, MatricolaPersonale) VALUES
(1, '2018-03-10 04:55:47', 26, 6, 'ID007'),
(2, '2018-02-13 13:34:16', 41, 6, 'ID003'),
(3, '2018-01-01 09:08:42', 143, 7, 'ID006'),
(4, '2018-01-01 08:01:07', 103, 6, 'ID000'),
(5, '2018-09-28 19:53:35', 110, 7, 'ID005'),
(6, '2019-04-06 16:48:10', 109, 7, 'ID003');

--
-- Inserting data into table latte
--
INSERT INTO latte(Codice, Volume, CodiceSilos) VALUES
(1, 4950, 4),
(2, 1920, 3),
(3, 470, 2),
(4, 10, 3),
(5, 660, 1),
(6, 10, 2),
(7, 3460, 4),
(8, 3320, 4),
(9, 8080, 4),
(10, 80, 4),
(11, 7420, 2),
(12, 4130, 4),
(13, 60, 2),
(14, 120, 2),
(15, 90, 1),
(16, 5410, 4),
(17, 40, 1),
(18, 70, 4),
(19, 530, 4),
(20, 870, 4),
(21, 5960, 2),
(22, 9280, 2),
(23, 2680, 2),
(24, 4370, 1),
(25, 6190, 2),
(26, 730, 4),
(27, 7640, 4),
(28, 4230, 3),
(29, 3140, 2),
(30, 6000, 3),
(31, 90, 3),
(32, 8120, 2),
(33, 80, 3),
(34, 30, 2),
(35, 50, 1),
(36, 820, 4),
(37, 4960, 1),
(38, 8960, 1),
(39, 90, 4),
(40, 850, 2),
(41, 240, 1),
(42, 4950, 1),
(43, 6270, 2),
(44, 580, 3),
(45, 610, 4),
(46, 50, 1),
(47, 9230, 4),
(48, 540, 4);

--
-- Inserting data into table misurazionechimica
--
INSERT INTO misurazionechimica(Codice, DataOrarioRilevazione, SensoreSilos) VALUES
(1, '2018-03-10 04:55:47', 1),
(2, '2018-02-13 13:34:16', 2),
(3, '2018-01-01 09:08:42', 3),
(4, '2018-01-01 08:01:07', 2),
(5, '2018-09-28 19:53:35', 1),
(6, '2019-04-06 16:48:10', 4),
(7, '2019-05-21 13:48:38', 2),
(8, '2019-03-10 01:29:15', 3);

--
-- Inserting data into table mungitrice
--
INSERT INTO mungitrice(Codice, Modello, Marca, CoordinataX, CoordinataY, RagioneSocialeAgriturismo) VALUES
(1, '961ZJ', 'Coward', 183, 215, 'Buongusto S.r.l.'),
(2, '2T717', 'Fitzpatrick', 248, 84, 'Buongusto S.r.l.'),
(3, '9H04M', 'Nesmith', 2, 240, 'Buongusto S.r.l.'),
(4, '50DUU', 'Slaughter', 212, 80, 'Buongusto S.r.l.'),
(5, '1550B', 'Cintron', 213, 147, 'LaGrotta S.r.l.'),
(6, '5Z5ZH', 'Walsh', 84, 2, 'Buongusto S.r.l.'),
(7, '6BW14', 'Cowart', 54, 182, 'LaGrotta S.r.l.'),
(8, 'A0W4D', 'Fitzsimmons', 244, 196, 'LaGrotta S.r.l.'),
(9, '7OHLR', 'Cowles', 200, 223, 'LaGrotta S.r.l.'),
(10, '49L5G', 'Rich', 24, 92, 'LaGrotta S.r.l.'),
(11, '1H2OM', 'Kelso', 134, 76, 'Buongusto S.r.l.'),
(12, '9PM2M', 'Mauldin', 1, 126, 'Buongusto S.r.l.'),
(13, '14287', 'Bills', 165, 5, 'Buongusto S.r.l.'),
(14, '48V3B', 'Ness', 242, 217, 'LaGrotta S.r.l.'),
(15, '9UY1B', 'Cisneros', 39, 99, 'Buongusto S.r.l.'),
(16, '924ZH', 'Flagg', 28, 29, 'LaGrotta S.r.l.'),
(17, '7AHIJ', 'Richard', 158, 64, 'Buongusto S.r.l.'),
(18, '96UH0', 'Nettles', 109, 194, 'LaGrotta S.r.l.'),
(19, '3T4AJ', 'Sledge', 114, 24, 'LaGrotta S.r.l.'),
(20, '3R5BH', 'Billups', 7, 94, 'LaGrotta S.r.l.'),
(21, '2137J', 'Kemp', 2, 53, 'Buongusto S.r.l.'),
(22, '7ED9B', 'Walston', 146, 140, 'LaGrotta S.r.l.'),
(23, '2LGWU', 'Richards', 191, 93, 'Buongusto S.r.l.'),
(24, 'M2Z55', 'Sloan', 96, 219, 'LaGrotta S.r.l.'),
(25, '6ZVO4', 'Walter', 219, 8, 'LaGrotta S.r.l.'),
(26, '990NV', 'Cowley', 2, 8, 'LaGrotta S.r.l.'),
(27, '20FDQ', 'Maupin', 32, 46, 'Buongusto S.r.l.'),
(28, '66W0L', 'Slocum', 103, 54, 'Buongusto S.r.l.'),
(29, '9W3XU', 'Kemper', 240, 211, 'LaGrotta S.r.l.'),
(30, '25FNU', 'Flaherty', 192, 136, 'LaGrotta S.r.l.'),
(31, '9780V', 'Coyle', 227, 171, 'LaGrotta S.r.l.'),
(32, '51LAQ', 'Flanagan', 234, 57, 'Buongusto S.r.l.'),
(33, '9NJHH', 'Walters', 36, 93, 'Buongusto S.r.l.'),
(34, '8BM8J', 'Maurer', 78, 63, 'Buongusto S.r.l.'),
(35, '9NS61', 'Coyne', 9, 102, 'Buongusto S.r.l.'),
(36, '71GYV', 'Neuman', 139, 177, 'Buongusto S.r.l.'),
(37, '3R2SH', 'Slone', 46, 142, 'Buongusto S.r.l.'),
(38, '00846', 'Flanders', 221, 8, 'LaGrotta S.r.l.'),
(39, '0T0I8', 'Walton', 170, 208, 'LaGrotta S.r.l.'),
(40, '6276L', 'Small', 28, 99, 'LaGrotta S.r.l.');

--
-- Inserting data into table mungitura
--
INSERT INTO mungitura(Codice, DataOrarioInizio, Durata, CodiceLocale) VALUES
(1, '2018-03-10 04:55:47', '03:00:00', 4),
(2, '2018-02-13 13:34:16', '03:00:00', 1),
(3, '2018-01-01 09:08:42', '01:45:00', 1),
(4, '2018-01-01 08:01:07', '02:45:00', 5),
(5, '2018-09-28 19:53:35', '02:00:00', 1),
(6, '2019-04-06 16:48:10', '03:30:00', 2),
(7, '2019-05-21 13:48:38', '01:45:00', 5),
(8, '2019-03-10 01:29:15', '01:00:00', 2);

--
-- Inserting data into table pascolo
--
INSERT INTO pascolo(Codice, DataOrarioUscita, Durata, CodiceLocale, CodiceZona) VALUES
(1, '2018-07-31 12:33:17', '01:00:00', 1, 1),
(2, '2018-01-01 08:09:29', '03:00:00', 2, 2),
(3, '2019-05-25 13:28:21', '01:45:00', 3, 3),
(4, '2018-10-10 10:36:12', '01:45:00', 4, 4),
(5, '2018-01-01 09:27:27', '00:00:00', 5, 1),
(6, '2018-01-01 08:00:05', '01:30:00', 6, 2),
(7, '2018-03-11 17:55:36', '03:45:00', 7, 3),
(8, '2018-01-01 09:36:18', '03:00:00', 8, 4);

--
-- Inserting data into table prenotazione
--
INSERT INTO prenotazione(Codice, DataOrario, CodiceCliente) VALUES
(1, '2019-01-08 02:20:28', '4175000190033507'),
(2, '2019-04-08 20:10:05', '4175000190033507'),
(3, '2019-06-20 20:10:00', '4175000190033507'),
(4, '2019-09-13 05:46:09', '5146180120206788'),
(5, '2019-11-25 05:46:02', '5496115940963149'),
(6, '2019-04-08 20:10:06', '377352674386511');

--
-- Inserting data into table problema
--
INSERT INTO problema(Codice, Nome, Descrizione, Tipologia, CodiceVisita, CodiceIntervento) VALUES
(1, 'Afta epizootica', 'Malattia virale estremamente contagiosa', 'P', 32, 3),
(2, 'Carenza di vitamina D', '', 'C', 4, 6),
(3, 'Brucellosi', 'Infezione che provoca in genere febbre e sintomi organici ', 'P', 37, 14),
(4, 'Carenza di ferro', '', 'C', 6, 1),
(5, 'Brucellosi', '', 'P', 31, 9),
(6, 'Carenza di fosforo', '', 'C', 36, 4),
(7, 'Encefalopatie spongiformi', '', 'P', 16, 6),
(8, 'Carenza di acqua', '', 'C', 19, 11),
(9, 'Carenza di magnesio', '', 'C', 40, 2),
(10, 'Leucosi ', 'Malattia virale a carattere cronico-degenerativo', 'P', 33, 14),
(11, 'Leishmania', 'Malattia grave', 'P', 33, 2),
(12, 'Febbre catarrale', 'Malattia virale non contagiosa', 'P', 24, 11),
(13, 'Influenza', 'Malattia infettiva respiratoria acuta', 'P', 15, 2),
(14, 'Carenza di vitamina A', '', 'C', 11, 3);

--
-- Inserting data into table prodotto
--
INSERT INTO prodotto(Codice, Peso, CodiceForma, CodiceLotto) VALUES
(1, 1000, 5, 4),
(2, 150, 5, 4),
(3, 150, 6, 3),
(4, 250, 28, 3),
(5, 1000, 17, 3),
(6, 250, 19, 4),
(7, 500, 20, 3),
(8, 2000, 26, 1),
(9, 150, 4, 1),
(10, 2000, 2, 4),
(11, 1000, 13, 2),
(12, 1000, 40, 3),
(13, 500, 33, 2);

--
-- Inserting data into table sensoreanimale
--
INSERT INTO sensoreanimale(Codice, FrequenzaMisurazione, Costo, CodiceAnimale) VALUES
(1, '00:10:00', 31, 22),
(2, '00:10:00', 22, 9),
(3, '00:10:00', 24, 16),
(4, '00:10:00', 29, 35),
(5, '00:10:00', 36, 12),
(6, '00:10:00', 26, 5),
(7, '00:10:00', 31, 36),
(8, '00:10:00', 35, 27),
(9, '00:10:00', 39, 31),
(10, '00:10:00', 16, 23),
(11, '00:10:00', 26, 17),
(12, '00:10:00', 19, 13),
(13, '00:10:00', 38, 18),
(14, '00:10:00', 39, 28),
(15, '00:10:00', 26, 32),
(16, '00:10:00', 37, 19),
(17, '00:10:00', 40, 1),
(18, '00:10:00', 21, 24),
(19, '00:10:00', 34, 14),
(20, '00:10:00', 35, 10),
(21, '00:10:00', 23, 20),
(22, '00:10:00', 16, 29),
(23, '00:10:00', 26, 33),
(24, '00:10:00', 17, 15),
(25, '00:10:00', 26, 25),
(26, '00:10:00', 15, 21),
(27, '00:10:00', 24, 30),
(28, '00:10:00', 30, 11),
(29, '00:10:00', 25, 26),
(30, '00:10:00', 40, 6),
(31, '00:10:00', 34, 34),
(32, '00:10:00', 36, 2),
(33, '00:10:00', 36, 7),
(34, '00:10:00', 27, 3),
(35, '00:10:00', 39, 8),
(36, '00:10:00', 25, 4);

--
-- Inserting data into table sensorelocale
--
INSERT INTO sensorelocale(Codice, FrequenzaMisurazione, Costo, CodiceLocale) VALUES
(1, '01:00:00', 36, 5),
(2, '03:00:00', 18, 7),
(3, '01:45:00', 40, 5),
(4, '01:45:00', 27, 1),
(5, '00:00:00', 27, 5),
(6, '01:30:00', 37, 7),
(7, '03:45:00', 16, 2),
(8, '03:00:00', 28, 8),
(9, '01:00:00', 34, 1),
(10, '02:45:00', 15, 3),
(11, '03:45:00', 35, 1),
(12, '00:30:00', 40, 7),
(13, '00:15:00', 15, 7),
(14, '03:00:00', 22, 7),
(15, '03:00:00', 39, 1),
(16, '00:00:00', 39, 7);

--
-- Inserting data into table servizio
--
INSERT INTO servizio(Codice, Nome, Costo, RagioneSocialeAgriturismo) VALUES
(1, 'Piscina', 35, 'Buongusto S.r.l.'),
(2, 'Tennis', 75, 'LaGrotta S.r.l.'),
(3, 'Massaggio', 21, 'LaGrotta S.r.l.'),
(4, 'Spa', 33, 'Buongusto S.r.l.'),
(5, 'Baby Sitting', 15, 'LaGrotta S.r.l.'),
(6, 'Colazione', 61, 'LaGrotta S.r.l.'),
(7, 'Baby Sitting', 30, 'Buongusto S.r.l.'),
(8, 'Biliardo', 22, 'Buongusto S.r.l.');

--
-- Inserting data into table spedizione
--
INSERT INTO spedizione(Codice, DataPartenza, DataConsegna, Stato, CodiceOrdine) VALUES
(1, '2018-01-14', '2018-01-20', 'Spedito', 1),
(2, '2018-07-01', '2018-07-05', 'Consegnata', 1),
(3, '2019-09-07', '2019-09-10', 'Consegnata', 3),
(4, '2018-03-20', '2018-03-22', 'In Consegna', 3);

--
-- Inserting data into table affidamento
--
INSERT INTO affidamento(CodiceLotto, MatricolaPersonale, DataOrario) VALUES
(3, 'ID002', '2018-01-01 08:07:12'),
(3, 'ID003', '2019-09-25 19:40:55'),
(4, 'ID003', '2018-05-29 13:40:50'),
(1, 'ID000', '2019-01-14 19:53:18'),
(1, 'ID001', '2018-03-17 09:18:08'),
(2, 'ID001', '2019-08-25 08:19:33'),
(2, 'ID002', '2019-02-17 06:45:53');

--
-- Inserting data into table composizioneacqua
--
INSERT INTO composizioneacqua(CodiceAcqua, SostanzaAcqua, GrammiPerLitro) VALUES
(7, 'Magnesio', 90),
(9, 'Ferro', 8),
(5, 'Potassio', 62),
(4, 'Sodio', 5),
(10, 'Fosforo', 13),
(5, 'Vitamina K', 16),
(6, 'Zinco', 79),
(3, 'Vitamina K', 25),
(3, 'Zinco', 8),
(9, 'Vitamina C', 50),
(12, 'Ferro', 14),
(4, 'Magnesio', 2),
(10, 'Ferro', 61),
(9, 'Vitamina D', 17),
(5, 'Sodio', 29),
(7, 'Sodio', 21),
(16, 'Vitamina A', 17),
(11, 'Vitamina A', 10),
(9, 'Potassio', 100),
(12, 'Vitamina D', 10),
(10, 'Vitamina A', 69),
(6, 'Vitamina D', 18),
(5, 'Vitamina D', 14),
(11, 'Calcio', 14),
(4, 'Zinco', 23),
(10, 'Vitamina C', 73),
(5, 'Magnesio', 14),
(12, 'Calcio', 526),
(14, 'Calcio', 81),
(6, 'Fosforo', 68),
(11, 'Ferro', 45),
(9, 'Fosforo', 94),
(6, 'Sodio', 73),
(12, 'Vitamina A', 56),
(7, 'Fosforo', 41),
(2, 'Vitamina K', 71),
(1, 'Vitamina K', 22),
(4, 'Vitamina K', 8),
(10, 'Potassio', 7),
(7, 'Vitamina D', 75),
(15, 'Calcio', 6),
(7, 'Potassio', 1),
(5, 'Zinco', 74),
(11, 'Vitamina C', 4),
(6, 'Magnesio', 56),
(2, 'Zinco', 5),
(15, 'Vitamina C', 3),
(3, 'Magnesio', 12);

--
-- Inserting data into table composizioneforaggio
--
INSERT INTO composizioneforaggio(CodiceForaggio, ComponenteAlimentare, Grammi) VALUES
(1, 'Orzo', 1160),
(2, 'Melone', 300),
(1, 'Carota', 651),
(3, 'Frumento', 1364);

--
-- Inserting data into table composizioneformaggio
--
INSERT INTO composizioneformaggio(CodiceForma, CodiceSilos, Grammi) VALUES
(13, 3, 4528),
(2, 1, 4896),
(5, 2, 7601),
(1, 1, 5590),
(7, 1, 7590),
(14, 4, 8813),
(13, 4, 6128),
(10, 1, 5880),
(11, 1, 2),
(6, 1, 9496),
(4, 2, 7709),
(6, 3, 164),
(10, 3, 630),
(5, 3, 8050),
(7, 4, 6228),
(11, 2, 2920),
(6, 4, 3771),
(12, 4, 9608),
(11, 4, 1322),
(12, 2, 5042),
(8, 2, 8773),
(7, 2, 6391),
(12, 3, 1957),
(3, 2, 999),
(9, 3, 96),
(5, 1, 482),
(4, 1, 57),
(8, 3, 1221),
(10, 4, 3318),
(9, 1, 3867),
(6, 2, 8957),
(2, 2, 3343),
(7, 3, 5128),
(8, 1, 4317),
(9, 4, 4),
(8, 4, 5828),
(4, 3, 99),
(10, 2, 5352),
(9, 2, 8140),
(11, 3, 89),
(3, 3, 117),
(5, 4, 7708),
(4, 4, 50),
(3, 1, 5567);

--
-- Inserting data into table composizionelatte
--
INSERT INTO composizionelatte(CodiceLatte, NomeSostanzaLatte, GrammiPerLitro) VALUES
(12, 'Lattosio', 420),
(3, 'Lattosio', 430),
(6, 'Calcio', 641),
(4, 'Globuli', 32),
(10, 'Globuli', 527),
(15, 'Globuli', 853),
(14, 'Caseina', 381),
(13, 'Calcio', 350),
(4, 'Lattosio', 584),
(7, 'Caseina', 649),
(4, 'Calcio', 737),
(8, 'Caseina', 70),
(5, 'Calcio', 10),
(8, 'Globuli', 859),
(12, 'Calcio', 201),
(6, 'Caseina', 984),
(8, 'Lattosio', 506),
(9, 'Globuli', 443),
(10, 'Lattosio', 547),
(6, 'Lattosio', 828),
(9, 'Calcio', 664),
(13, 'Caseina', 662),
(2, 'Lattosio', 147),
(7, 'Globuli', 112),
(5, 'Caseina', 883),
(3, 'Calcio', 748),
(7, 'Lattosio', 680),
(10, 'Caseina', 147),
(8, 'Calcio', 198),
(7, 'Calcio', 937),
(11, 'Calcio', 251),
(1, 'Lattosio', 204),
(11, 'Globuli', 105),
(14, 'Globuli', 232),
(9, 'Caseina', 769),
(9, 'Lattosio', 125),
(5, 'Lattosio', 66),
(6, 'Globuli', 79),
(4, 'Caseina', 19),
(12, 'Caseina', 467),
(10, 'Calcio', 785),
(13, 'Globuli', 556),
(2, 'Calcio', 62),
(11, 'Caseina', 158),
(11, 'Lattosio', 14),
(12, 'Globuli', 510),
(5, 'Globuli', 487),
(3, 'Caseina', 89);

--
-- Inserting data into table composizionesilos
--
INSERT INTO composizionesilos(CodiceMisurazioneChimica, NomeSostanzaLatte, GrammiPerLitro) VALUES
(6, 'Lattosio', 359),
(3, 'Caseina', 6),
(4, 'Caseina', 483),
(1, 'Lattosio', 514),
(6, 'Globuli', 45),
(1, 'Globuli', 452),
(8, 'Caseina', 212),
(7, 'Calcio', 383),
(4, 'Calcio', 159),
(5, 'Globuli', 571),
(4, 'Globuli', 98),
(6, 'Caseina', 393),
(3, 'Calcio', 162),
(3, 'Lattosio', 86),
(7, 'Globuli', 109),
(7, 'Caseina', 557),
(4, 'Lattosio', 388),
(5, 'Lattosio', 155),
(5, 'Caseina', 166),
(5, 'Calcio', 4),
(8, 'Globuli', 111),
(2, 'Calcio', 552),
(2, 'Lattosio', 410),
(6, 'Calcio', 569);

--
-- Inserting data into table condizionamento
--
INSERT INTO condizionamento(Codice, Temperatura, Umidita, Consumo, CodiceLocale, CodiceStanza) VALUES
(1, 25, 20, 90, 4, 3),
(2, 25, 21, 10, 3, 6),
(3, 20, 22, 590, 3, 4),
(4, 15, 23, 2610, 4, 3),
(5, 15, 24, 80, 5, 12),
(6, 19, 25, 90, 5, 11),
(7, 20, 26, 2110, 5, 4),
(8, 16, 27, 10, 7, 11);

--
-- Inserting data into table consumazioneacqua
--
INSERT INTO consumazioneacqua(CodiceAcqua, CodiceCella, Residui) VALUES
(13, 14, 1040),
(3, 3, 377),
(13, 13, 50),
(7, 7, 19),
(4, 5, 665),
(16, 17, 1424),
(15, 16, 517),
(14, 15, 319),
(10, 10, 1430),
(14, 14, 1268),
(4, 4, 1181),
(1, 2, 1587),
(11, 11, 700),
(8, 8, 1533),
(10, 11, 90),
(12, 12, 1139),
(5, 6, 536),
(2, 3, 819),
(7, 8, 341),
(9, 9, 1271),
(15, 15, 591),
(11, 12, 0),
(1, 1, 540),
(5, 5, 1491),
(2, 2, 1959),
(3, 4, 50),
(8, 9, 1426),
(12, 13, 1158),
(6, 6, 7),
(9, 10, 1116),
(6, 7, 1299),
(16, 16, 1493);

--
-- Inserting data into table consumazionepasto
--
INSERT INTO consumazionepasto(CodicePasto, CodiceCella, TempoConsumo, QuantitaIniziale, Residui) VALUES
(6, 5, '01:00:00', 971, 71),
(3, 3, '03:00:00', 781, 57),
(13, 13, '01:45:00', 1420, 104),
(7, 7, '01:45:00', 956, 70),
(20, 20, '00:00:00', 1883, 138),
(9, 8, '01:30:00', 1222, 89),
(8, 7, '03:45:00', 80, 5),
(7, 6, '03:00:00', 562, 41),
(10, 10, '01:00:00', 286, 21),
(14, 14, '02:45:00', 1913, 140),
(4, 4, '03:45:00', 794, 58),
(17, 17, '00:30:00', 1846, 135),
(11, 11, '00:15:00', 19, 1),
(8, 8, '03:00:00', 44, 3),
(3, 2, '03:00:00', 62, 4),
(12, 12, '00:00:00', 1344, 98),
(21, 21, '03:00:00', 542, 39),
(18, 18, '00:30:00', 1752, 128),
(23, 23, '01:15:00', 959, 70),
(9, 9, '01:00:00', 331, 24),
(15, 15, '03:30:00', 18, 1),
(4, 3, '00:00:00', 503, 36),
(1, 1, '02:15:00', 1728, 127),
(5, 5, '02:30:00', 1078, 79),
(2, 2, '02:15:00', 1790, 131),
(19, 19, '01:30:00', 1519, 111),
(24, 24, '00:30:00', 342, 25),
(5, 4, '03:30:00', 27, 1),
(6, 6, '03:15:00', 1107, 81),
(2, 1, '00:00:00', 880, 64),
(22, 22, '00:30:00', 4, 0),
(16, 16, '02:30:00', 264, 19);

--
-- Inserting data into table dativisita
--
INSERT INTO dativisita(Codice, Nome, Esito, CodiceVisita) VALUES
(1, 'Spessore dello zoccolo', 0, 24),
(2, 'Vie nasali', 1, 6),
(3, 'Risposta oculare', 0, 35),
(4, 'Emocromo', 1, 7),
(5, 'Fegato', 0, 32),
(6, 'Cuore', 0, 25),
(7, 'Pancreas', 0, 20),
(8, 'Polmoni', 0, 7),
(9, 'Reazione muscolare', 1, 3),
(10, 'Tendini', 0, 7),
(11, 'Dentatura', 1, 38),
(12, 'Ossa', 0, 16),
(13, 'Pelo', 1, 28),
(14, 'Coda', 1, 18),
(15, 'Articolazioni', 1, 3),
(16, 'Cuore', 0, 39),
(17, 'Reazione muscolare', 0, 7),
(18, 'Fegato', 0, 40),
(19, 'Anemia', 1, 5),
(20, 'Reazione muscolare', 0, 3),
(21, 'Cuore', 1, 26),
(22, 'Pelo', 0, 15),
(23, 'Pelo', 0, 14),
(24, 'Articolazioni', 0, 22),
(25, 'Cuore', 1, 1),
(26, 'Articolazioni', 1, 36),
(27, 'Polmoni', 0, 21),
(28, 'Risposta oculare', 0, 16),
(29, 'Emocromo', 0, 17),
(30, 'Reazione muscolare', 0, 36),
(31, 'Anemia', 1, 20),
(32, 'Pancreas', 0, 15),
(33, 'Risposta oculare', 0, 9),
(34, 'Pancreas', 0, 9),
(35, 'Ossa', 0, 11),
(36, 'Spessore dello zoccolo', 1, 14),
(37, 'Pelo', 0, 43),
(38, 'Risposta oculare', 0, 2),
(39, 'Pancreas', 1, 24),
(40, 'Risposta oculare', 0, 42),
(41, 'Articolazioni', 1, 31),
(42, 'Emocromo', 1, 24),
(43, 'Emocromo', 0, 10),
(44, 'Reazione muscolare', 0, 40),
(45, 'Risposta oculare', 0, 34),
(46, 'Spessore dello zoccolo', 0, 36),
(47, 'Emocromo', 0, 42),
(48, 'Spessore dello zoccolo', 0, 7);

--
-- Inserting data into table disturbocomportamentale
--
INSERT INTO disturbocomportamentale(Codice, Nome, Entita, CodiceVisita) VALUES
(1, 'Spossatezza', 1, 43),
(2, 'Irrequietezza', 1, 29);

--
-- Inserting data into table documento
--
INSERT INTO documento(Numero, Tipologia, Scadenza, EnteRilascio, CodiceAnagrafica) VALUES
('CF1292688B', 'L', '2020-11-03', 'Motorizzazione di Rieti', 'BTTMRN94G74B033D'),
('IJ7599476', 'P', '2020-07-27', 'Comune di Sassari', 'BRRDNN54Q57A562R'),
('SM0780435', 'P', '2021-07-10', 'Comune di Vicenza', 'SCCBBN60A02T077F'),
('SQ0340612', 'P', '2021-09-16', 'Comune di Enna', 'SCCBBN60A02T077F'),
('CY92713GL', 'C', '2021-06-29', 'Comune di Matera', 'BNNNLD56P21O877G'),
('TT2466557', 'P', '2020-10-30', 'Comune di Palermo', 'BRRDNN54Q57A562R'),
('DU0116201S', 'L', '2020-07-05', 'Motorizzazione di Genova', 'BBTLPN86T54W768J'),
('EW9000599Q', 'L', '2020-03-16', 'Motorizzazione di Trento', 'BTTMRN94G74B033D');

--
-- Inserting data into table esamediagnostico
--
INSERT INTO esamediagnostico(Data, CodiceIntervento, Nome, Macchinario, Procedura, MatricolaPersonale) VALUES
('2018-03-14', 1, 'Tomografia computerizzata', 'TAC', 'Tecnica di indagine radiodiagnostica con la quale è possibile riprodurre immagini anatomiche.', 'ID007');

--
-- Inserting data into table faseprocesso
--
INSERT INTO faseprocesso(Codice, Ordine, Durata, TemperaturaLatte, TempoRiposo, Acidita, CodiceProcesso) VALUES
(1, 2, '01:00:00', 9, '01:00:00', 11, 3),
(2, 3, '03:00:00', 57, '03:00:00', 13, 3),
(3, 1, '01:45:00', 93, '01:45:00', 9, 4),
(4, 2, '01:45:00', 86, '01:45:00', 2, 4),
(5, 1, '00:00:00', 49, '00:00:00', 3, 1),
(6, 1, '01:30:00', 98, '01:30:00', 1, 1),
(7, 3, '03:45:00', 24, '03:45:00', 6, 4),
(8, 2, '03:00:00', 78, '03:00:00', 10, 4),
(9, 3, '01:00:00', 75, '01:00:00', 12, 4),
(10, 2, '02:45:00', 4, '02:45:00', 9, 2),
(11, 2, '03:45:00', 60, '03:45:00', 13, 1),
(12, 2, '00:30:00', 66, '00:30:00', 12, 2),
(13, 3, '00:15:00', 97, '00:15:00', 14, 4),
(14, 2, '03:00:00', 55, '03:00:00', 4, 4),
(15, 2, '03:00:00', 67, '03:00:00', 10, 4),
(16, 1, '00:00:00', 3, '00:00:00', 10, 2),
(17, 3, '03:00:00', 52, '03:00:00', 4, 4),
(18, 3, '00:30:00', 21, '00:30:00', 5, 4),
(19, 1, '01:15:00', 38, '01:15:00', 6, 1),
(20, 3, '01:00:00', 64, '01:00:00', 7, 4),
(21, 2, '03:30:00', 51, '03:30:00', 4, 4),
(22, 2, '00:00:00', 25, '00:00:00', 7, 4),
(23, 2, '02:15:00', 55, '02:15:00', 5, 4),
(24, 2, '02:30:00', 7, '02:30:00', 6, 3),
(25, 3, '02:15:00', 15, '02:15:00', 9, 2),
(26, 1, '01:30:00', 55, '01:30:00', 13, 4),
(27, 1, '00:30:00', 70, '00:30:00', 3, 4),
(28, 2, '03:30:00', 93, '03:30:00', 14, 1),
(29, 2, '03:15:00', 79, '03:15:00', 7, 2),
(30, 3, '00:00:00', 72, '00:00:00', 6, 2);

--
-- Inserting data into table fasericetta
--
INSERT INTO fasericetta(Codice, Durata, TemperaturaLatte, TempoRiposo, Acidita, CodiceFormaggio) VALUES
(1, '01:00:00', 31, '01:00:00', 7, 8),
(2, '03:00:00', 14, '03:00:00', 1, 6),
(3, '01:45:00', 98, '01:45:00', 2, 6),
(4, '01:45:00', 55, '01:45:00', 11, 5),
(5, '00:00:00', 68, '00:00:00', 1, 6),
(6, '01:30:00', 9, '01:30:00', 11, 5),
(7, '03:45:00', 32, '03:45:00', 7, 4),
(8, '03:00:00', 79, '03:00:00', 13, 9),
(9, '01:00:00', 82, '01:00:00', 8, 1),
(10, '02:45:00', 9, '02:45:00', 9, 3),
(11, '03:45:00', 15, '03:45:00', 3, 10),
(12, '00:30:00', 59, '00:30:00', 12, 8),
(13, '00:15:00', 93, '00:15:00', 11, 8),
(14, '03:00:00', 28, '03:00:00', 3, 7),
(15, '03:00:00', 3, '03:00:00', 5, 1),
(16, '00:00:00', 54, '00:00:00', 13, 4),
(17, '03:00:00', 84, '03:00:00', 14, 10),
(18, '00:30:00', 30, '00:30:00', 4, 10),
(19, '01:15:00', 4, '01:15:00', 4, 6),
(20, '01:00:00', 62, '01:00:00', 5, 6),
(21, '03:30:00', 79, '03:30:00', 6, 2),
(22, '00:00:00', 78, '00:00:00', 7, 1),
(23, '02:15:00', 79, '02:15:00', 4, 8),
(24, '02:30:00', 98, '02:30:00', 14, 10),
(25, '02:15:00', 47, '02:15:00', 12, 9),
(26, '01:30:00', 24, '01:30:00', 1, 8),
(27, '00:30:00', 100, '00:30:00', 1, 3),
(28, '03:30:00', 21, '03:30:00', 10, 7),
(29, '03:15:00', 34, '03:15:00', 3, 4),
(30, '00:00:00', 42, '00:00:00', 4, 5);

--
-- Inserting data into table fruizione
--
INSERT INTO fruizione(CodicePrenotazione, CodiceServizio, Data, NumeroPersone) VALUES
(3, 3, '2018-01-14', 3),
(1, 2, '2018-07-01', 1),
(4, 4, '2019-09-07', 4),
(1, 1, '2018-03-20', 4),
(5, 5, '2019-10-23', 3),
(2, 2, '2018-01-14', 2),
(6, 6, '2019-03-24', 4);

--
-- Inserting data into table gita
--
INSERT INTO gita(CodiceEscursione, CodicePrenotazione, NumeroPersone) VALUES
(5, 5, 3),
(1, 1, 1),
(6, 6, 4),
(2, 2, 4),
(1, 2, 3),
(3, 3, 2),
(2, 3, 8),
(4, 4, 2),
(3, 4, 1);

--
-- Inserting data into table illuminazione
--
INSERT INTO illuminazione(Codice, Consumo, Lumen, CodiceLocale, CodiceStanza) VALUES
(1, 32, 1230, 6, 9),
(2, 19, 1350, 2, 5),
(3, 47, 740, 3, 5),
(4, 120, 770, 7, 2),
(5, 47, 340, 6, 1),
(6, 170, 730, 7, 5),
(7, 160, 3820, 7, 10),
(8, 290, 2540, 3, 6);

--
-- Inserting data into table interventopulizia
--
INSERT INTO interventopulizia(Codice, CodiceLocale, MatricolaPersonale, DataEffettuazione) VALUES
(1, 4, 'ID003', '2018-01-14'),
(2, 2, 'ID001', '2018-07-01'),
(3, 1, 'ID000', '2019-09-07'),
(4, 3, 'ID002', '2018-03-20');

--
-- Inserting data into table lesioni
--
INSERT INTO lesioni(Codice, Nome, Entita, ParteCorpo, CodiceVisita) VALUES
(1, 'Bruciatura', 3, 'Petto', 41),
(2, 'Frattura', 4, 'Zampa', 23),
(3, 'Slogatura', 4, 'Spalla', 12),
(4, 'Ferita', 5, 'Schiena', 28);

--
-- Inserting data into table letto
--
INSERT INTO letto(Codice, Tipologia, CodiceCamera) VALUES
(1, 'M', 2),
(2, 'S', 3),
(3, 'M', 3),
(4, 'M', 4),
(5, 'S', 3),
(6, 'M', 1),
(7, 'S', 4),
(8, 'M', 4);

--
-- Inserting data into table misurazionearia
--
INSERT INTO misurazionearia(DataOrarioRilevazione, SensoreStanza, Temperatura, Umidita, GasMetano, MonossidoDiCarbonio) VALUES
('2019-04-08 20:10:07', 21, 25, 57, 205, 120),
('2018-01-14 16:54:14', 9, -3, 12, 115, 209),
('2018-07-27 15:50:55', 18, 20, 75, 28, 202),
('2019-09-13 05:46:09', 4, 19, 73, 207, 141),
('2019-11-25 05:46:02', 4, 20, 51, 247, 7),
('2019-09-13 05:46:11', 24, 22, 63, 47, 7),
('2018-07-27 15:50:56', 23, -2, 23, 106, 40),
('2018-10-08 15:50:50', 22, 7, 19, 109, 18),
('2018-01-14 16:54:15', 13, 26, 47, 109, 47),
('2018-03-28 16:54:11', 19, 18, 55, 49, 86),
('2018-03-28 16:54:09', 10, 8, 72, 36, 1),
('2018-10-08 15:50:50', 23, 37, 80, 34, 132),
('2019-11-25 05:46:03', 14, 28, 64, 125, 298),
('2018-01-14 16:54:17', 20, -4, 37, 61, 142),
('2018-03-28 16:54:11', 18, -2, 19, 147, 73),
('2018-03-28 16:54:10', 15, 27, 45, 184, 94),
('2019-04-08 20:10:06', 5, 6, 74, 38, 174),
('2018-07-27 15:50:56', 24, 30, 84, 67, 240),
('2019-11-25 05:46:03', 13, 28, 45, 139, 287),
('2018-03-28 16:54:12', 21, 8, 47, 202, 138),
('2019-06-20 20:10:01', 6, 20, 41, 230, 13),
('2018-01-14 16:54:17', 19, 12, 17, 114, 232),
('2019-11-25 05:46:02', 5, 15, 53, 163, 192),
('2019-01-08 02:20:29', 16, 2, 21, 174, 11),
('2019-09-13 05:46:10', 11, 23, 90, 23, 65),
('2019-04-08 20:10:06', 6, 21, 80, 66, 7),
('2019-04-08 20:10:05', 1, 23, 55, 167, 9),
('2018-03-28 16:54:08', 7, 16, 48, 163, 110),
('2019-06-20 20:10:00', 2, 38, 82, 47, 69),
('2019-04-08 20:10:07', 22, 0, 23, 12, 98),
('2018-03-28 16:54:10', 14, 10, 66, 52, 207),
('2019-01-08 02:20:28', 1, 27, 41, 189, 112),
('2018-01-14 16:54:14', 8, 16, 50, 66, 287),
('2018-03-28 16:54:12', 20, 25, 57, 117, 208),
('2019-09-13 05:46:09', 3, 18, 64, 47, 292),
('2018-03-28 16:54:09', 9, 7, 63, 128, 96),
('2018-01-14 16:54:16', 17, 18, 59, 25, 60),
('2018-10-27 02:20:34', 12, 17, 68, 70, 19),
('2019-06-20 20:10:01', 7, 36, 87, 209, 119),
('2019-01-08 02:20:29', 15, 20, 47, 152, 228),
('2019-09-13 05:46:10', 10, 15, 53, 52, 285),
('2018-01-14 16:54:16', 16, 22, 53, 136, 210),
('2019-04-08 20:10:05', 2, -3, 30, 113, 12),
('2018-10-27 02:20:34', 11, 38, 89, 88, 89),
('2018-07-27 15:50:55', 17, 9, 40, 187, 10),
('2018-01-14 16:54:15', 12, 21, 68, 139, 281),
('2018-03-28 16:54:08', 8, 21, 45, 91, 140),
('2019-06-20 20:10:00', 3, -1, 29, 64, 24);

--
-- Inserting data into table misurazioneattrezzatura
--
INSERT INTO misurazioneattrezzatura(DataOrarioRilevazione, SensoreAttrezzatura, LivelloContenuto) VALUES
('2018-04-16 20:23:07', 45, 318),
('2018-02-02 21:47:01', 9, 442),
('2018-08-26 05:12:04', 18, 1699),
('2019-12-26 04:58:18', 4, 990),
('2018-11-27 11:32:54', 28, 1015),
('2019-12-26 04:58:22', 48, 753),
('2019-02-08 10:08:56', 47, 712),
('2019-10-14 06:22:23', 46, 972),
('2018-02-02 21:47:02', 13, 97),
('2018-04-16 20:23:04', 19, 404),
('2018-04-16 20:23:02', 10, 783),
('2018-06-14 06:36:04', 23, 257),
('2019-10-14 06:22:21', 14, 878),
('2018-02-02 21:47:04', 20, 416),
('2018-08-26 05:12:08', 42, 7),
('2018-04-16 20:23:03', 15, 55),
('2018-06-14 06:36:05', 29, 484),
('2018-08-26 05:12:05', 24, 943),
('2019-02-08 10:08:55', 37, 1),
('2018-04-16 20:23:05', 21, 243),
('2018-02-02 21:47:05', 30, 1326),
('2018-06-14 06:36:08', 43, 5),
('2019-10-14 06:22:20', 5, 742),
('2019-02-08 10:08:54', 16, 46),
('2019-12-26 04:58:19', 11, 1482),
('2019-05-20 23:10:11', 6, 1375),
('2019-12-26 04:58:20', 25, 623),
('2019-12-26 04:58:21', 31, 1311),
('2019-08-01 21:46:13', 26, 1156),
('2019-05-20 23:10:12', 22, 5),
('2018-08-26 05:12:07', 38, 684),
('2019-02-08 10:08:53', 1, 93),
('2019-05-20 23:10:13', 32, 593),
('2019-05-20 23:10:14', 44, 92),
('2019-10-14 06:22:22', 27, 41),
('2018-04-16 20:23:06', 33, 1094),
('2018-02-02 21:47:03', 17, 504),
('2018-11-27 11:32:53', 12, 689),
('2019-08-01 21:46:12', 7, 3),
('2019-08-01 21:46:14', 39, 1178),
('2018-02-02 21:47:06', 34, 71),
('2018-11-27 11:32:55', 40, 965),
('2019-05-20 23:10:10', 2, 1903),
('2018-08-26 05:12:06', 35, 276),
('2018-06-14 06:36:07', 41, 1630),
('2018-06-14 06:36:06', 36, 862),
('2018-04-16 20:23:01', 8, 70),
('2019-08-01 21:46:11', 3, 867);

--
-- Inserting data into table misurazionelocale
--
INSERT INTO misurazionelocale(DataOrarioRilevazione, SensoreLocale, LivelloSporcizia, LivelloAzoto, LivelloMetano, Temperatura, Umidita) VALUES
('2019-11-25 05:46:03', 13, 8, 61, 81, 25, 57),
('2019-06-20 20:10:00', 3, 11, 90, 113, -3, 12),
('2018-01-14 16:54:15', 13, 10, 81, 198, 20, 75),
('2019-06-20 20:10:01', 7, 2, 78, 59, 19, 73),
('2019-11-25 05:46:02', 4, 0, 80, 58, 20, 51),
('2018-01-14 16:54:16', 16, 4, 84, 196, 22, 63),
('2019-01-08 02:20:29', 15, 3, 87, 50, -2, 23),
('2018-03-28 16:54:10', 14, 18, 64, 47, 7, 19),
('2018-03-28 16:54:09', 10, 18, 73, 170, 26, 47),
('2019-11-25 05:46:03', 14, 1, 88, 79, 18, 55),
('2019-09-13 05:46:09', 4, 5, 90, 30, 8, 72),
('2019-04-08 20:10:05', 1, 0, 88, 119, 37, 80),
('2019-09-13 05:46:10', 11, 19, 88, 50, 28, 64),
('2018-03-28 16:54:08', 8, 11, 71, 66, -4, 37),
('2019-09-13 05:46:10', 10, 2, 80, 77, -2, 19),
('2018-10-27 02:20:34', 12, 13, 78, 92, 27, 45),
('2019-04-08 20:10:06', 5, 11, 79, 49, 6, 74),
('2019-06-20 20:10:00', 2, 11, 77, 156, 30, 84),
('2018-03-28 16:54:08', 7, 18, 86, 157, 28, 45),
('2018-01-14 16:54:14', 9, 18, 85, 200, 8, 47),
('2018-03-28 16:54:10', 15, 7, 63, 191, 20, 41),
('2018-10-27 02:20:34', 11, 3, 60, 56, 12, 17),
('2019-01-08 02:20:28', 1, 9, 82, 86, 15, 53),
('2019-11-25 05:46:02', 5, 6, 63, 93, 2, 21),
('2019-04-08 20:10:05', 2, 16, 76, 122, 23, 90),
('2019-09-13 05:46:09', 3, 7, 78, 226, 21, 80),
('2018-01-14 16:54:14', 8, 16, 73, 239, 23, 55),
('2018-01-14 16:54:15', 12, 3, 78, 80, 16, 48),
('2019-04-08 20:10:06', 6, 7, 74, 208, 38, 82),
('2018-03-28 16:54:09', 9, 20, 77, 134, 0, 23),
('2019-06-20 20:10:01', 6, 3, 78, 200, 10, 66),
('2019-01-08 02:20:29', 16, 0, 72, 168, 27, 41);

--
-- Inserting data into table misurazioneposizione
--
INSERT INTO misurazioneposizione(DataOrarioRilevazione, SensoreAnimale, CoordinataX, CoordinataY) VALUES
('2018-07-31 12:33:17', 17, 125, 125),
('2018-07-31 12:43:17', 17, 109, 49),
('2018-07-31 12:53:17', 17, 67, 20),
('2018-07-31 13:03:17', 17, 3, 50),
('2018-07-31 13:13:17', 17, 70, 44),
('2018-07-31 13:23:17', 17, 75, 78),

('2018-07-31 12:33:17', 12, 125, 125),
('2018-07-31 12:43:17', 12, 33, 60),
('2018-07-31 12:53:17', 12, 21, 40),

('2018-07-31 12:33:17', 11, 125, 125),
('2018-07-31 12:43:17', 11, 90, 90),

('2018-07-31 12:33:17', 25, 125, 125),
('2018-07-31 12:43:17', 25, 30, 2),
('2018-07-31 12:53:17', 25, 77, 40),

('2018-07-31 12:33:17', 22, 125, 125),
('2018-07-31 12:43:17', 22, 78, 50),
('2018-07-31 12:53:17', 22, 56, 35),
('2018-07-31 13:03:17', 22, 3, 30),
('2018-07-31 13:13:17', 22, 3, 6),

('2018-07-31 12:33:17', 23, 125, 125),
('2018-07-31 12:43:17', 23, 120, 110),
('2018-07-31 12:53:17', 23, 105, 110),
('2018-07-31 13:03:17', 23, 110, 105),



('2019-08-01 21:46:12', 6, 18, 18),
('2018-02-02 21:47:01', 9, 176, 176),
('2018-08-26 05:12:04', 18, 139, 139),
('2019-12-26 04:58:18', 4, 123, 123),
('2018-02-02 21:47:02', 13, 192, 192),
('2018-04-16 20:23:02', 9, 146, 146),
('2019-05-20 23:10:10', 1, 240, 240),
('2018-04-16 20:23:01', 7, 132, 132),
('2019-08-01 21:46:11', 2, 103, 103),
('2018-04-16 20:23:04', 19, 107, 107),
('2019-10-14 06:22:21', 14, 44, 44),
('2018-02-02 21:47:04', 20, 210, 210),
('2018-02-02 21:47:01', 8, 19, 19),
('2018-04-16 20:23:03', 15, 231, 231),
('2018-04-16 20:23:05', 21, 51, 51),
('2019-12-26 04:58:19', 10, 18, 18),
('2019-02-08 10:08:54', 16, 151, 151),
('2019-12-26 04:58:18', 3, 246, 246),
('2018-02-02 21:47:06', 34, 30, 30),
('2018-11-27 11:32:54', 28, 45, 45),
('2019-10-14 06:22:20', 4, 141, 141),
('2018-04-16 20:23:02', 10, 221, 221),
('2019-10-14 06:22:20', 5, 210, 210),
('2018-06-14 06:36:05', 29, 21, 21),
('2018-08-26 05:12:05', 24, 122, 122),
('2018-08-26 05:12:06', 35, 248, 248),
('2019-05-20 23:10:11', 6, 1, 1),
('2018-02-02 21:47:05', 30, 243, 243),
('2019-05-20 23:10:11', 5, 199, 199),
('2019-12-26 04:58:21', 31, 56, 56),
('2019-08-01 21:46:13', 26, 26, 26),
('2019-02-08 10:08:53', 1, 59, 59),
('2018-06-14 06:36:06', 36, 197, 197),
('2019-05-20 23:10:13', 32, 48, 48),
('2019-10-14 06:22:22', 27, 9, 9),
('2019-08-01 21:46:12', 7, 118, 118),
('2019-05-20 23:10:10', 2, 30, 30),
('2018-04-16 20:23:06', 33, 160, 160),
('2018-04-16 20:23:01', 8, 62, 62),
('2019-08-01 21:46:11', 3, 151, 151);

--
-- Inserting data into table mungiturasingola
--
INSERT INTO mungiturasingola(CodiceMungitura, CodiceAnimale, Orario, CodiceMungitrice, CodiceLatte) VALUES
(5, 20, '12:07:47', 38, 34),
(1, 4, '14:48:03', 38, 5),
(2, 8, '11:02:24', 9, 23),
(4, 8, '15:50:23', 22, 1),
(4, 14, '16:25:32', 1, 43),
(8, 26, '10:46:50', 7, 25),
(7, 24, '08:00:03', 22, 41),
(6, 22, '15:54:59', 3, 14),
(5, 12, '14:05:45', 32, 45),
(3, 10, '11:49:18', 9, 39),
(2, 6, '08:15:35', 35, 48),
(7, 18, '13:43:53', 15, 42),
(6, 14, '12:03:38', 4, 25),
(4, 12, '12:41:10', 12, 8),
(2, 14, '08:44:07', 12, 29),
(7, 16, '10:03:23', 34, 26),
(5, 16, '08:51:44', 35, 43),
(8, 20, '14:13:00', 28, 30),
(5, 18, '14:10:36', 29, 5),
(5, 14, '08:55:58', 30, 44),
(6, 18, '09:05:39', 20, 26),
(3, 16, '12:53:18', 19, 3),
(5, 10, '08:00:09', 38, 21),
(8, 18, '16:34:17', 22, 45),
(3, 8, '17:21:43', 32, 19),
(6, 12, '11:22:30', 16, 2),
(1, 8, '08:30:50', 4, 17),
(7, 20, '09:44:11', 39, 23),
(2, 10, '09:34:16', 28, 31),
(6, 16, '08:34:37', 3, 39),
(6, 20, '15:31:31', 39, 13),
(1, 2, '13:49:59', 2, 30),
(8, 22, '13:25:17', 29, 2),
(4, 18, '13:53:45', 1, 42),
(3, 12, '15:32:02', 36, 25),
(1, 10, '11:26:18', 22, 27),
(1, 6, '17:16:46', 18, 38),
(4, 10, '08:20:07', 4, 25),
(7, 14, '12:04:14', 28, 39),
(7, 22, '08:32:04', 13, 24),
(2, 12, '08:56:30', 11, 32),
(8, 24, '09:48:12', 36, 16),
(2, 4, '09:19:19', 37, 18),
(3, 14, '14:56:04', 20, 3),
(1, 12, '09:22:49', 26, 38),
(4, 16, '14:37:40', 27, 11),
(8, 16, '17:32:27', 39, 7),
(3, 6, '17:48:25', 17, 48);

--
-- Inserting data into table pagamento
--
INSERT INTO pagamento(Codice, Metodo, DataOrario, Importo, CodicePrenotazione) VALUES
(1, 'PayPal', '2018-03-10 04:55:47', 1730, 5),
(2, 'Assegno', '2018-02-13 13:34:16', 1441, 2),
(3, 'PayPal', '2018-01-01 09:08:42', 1358, 4),
(4, 'Carta di Credito', '2018-01-01 08:01:07', 203, 1),
(5, 'Contanti', '2018-09-28 19:53:35', 2291, 6),
(6, 'Contanti', '2019-04-06 16:48:10', 1640, 5),
(7, 'Contanti', '2019-05-21 13:48:38', 348, 2);

--
-- Inserting data into table pernottamento
--
INSERT INTO pernottamento(CodicePrenotazione, CodiceCamera, DataInizio, DataFine, NumeroOspiti) VALUES
(4, 4, '2019-06-05', '2019-06-10', 3),
(2, 2, '2019-08-17', '2019-08-22', 3),
(1, 1, '2020-01-03', '2020-01-05', 2),
(3, 3, '2019-04-01', '2019-04-04', 1);

--
-- Inserting data into table recensione
--
INSERT INTO recensione(CodiceFormaggio, NomeUtenteAccount, Gusto, Conservazione, Qualita, Gradimento, Testo) VALUES
(1, 'Torti2021', 5, 1, 4, 2, 'Buon prodotto. Vale sicuramente i soldi spesi.'),
(2, 'Aventino1972', 1, 2, 1, 2, 'Deluso dal protto. Mi aspettavo di meglio, credo che il processo di produzione sia rivedibile.');

--
-- Inserting data into table richiesta
--
INSERT INTO richiesta(Codice, Reso, CodiceOrdine, CodiceProdotto) VALUES
(1, 0, 3, 13),
(2, 1, 2, 2),
(3, 0, 2, 4),
(4, 0, 1, 1),
(5, 0, 2, 7),
(6, 0, 3, 9),
(7, 0, 4, 12),
(8, 1, 2, 11);

--
-- Inserting data into table riproduzione
--
INSERT INTO riproduzione(DataOrario, CodicePadre, CodiceMadre, Esito, MatricolaPersonale, CodiceSchedaGestazione, CodiceFiglio) VALUES
('2019-06-20 20:10:00', 5, 6, 1, 'ID000', 4, 15),
('2019-06-20 20:10:01', 13, 14, 1, 'ID005', 4, 16),
('2019-09-13 05:46:09', 7, 8, 1, 'ID001', 5, 17),
('2019-01-08 02:20:28', 1, 2, 1, 'ID007', 1, 18),
('2019-11-25 05:46:02', 9, 10, 0, 'ID001', 7, 19),
('2019-04-08 20:10:05', 3, 4, 1, 'ID000', 5, 20),
('2019-04-08 20:10:06', 11, 12, 0, 'ID000', 2, 21);

--
-- Inserting data into table statosalute
--
INSERT INTO statosalute(Codice, LivelloVigilanza, LivelloDeambulazione, TipologiaRespirazione, LucentezzaPelo, LivelloIdratazione, CodiceVisita) VALUES
(1, 4, 6, 9, 1, 4, 31),
(2, 8, 1, 6, 8, 8, 41),
(3, 4, 10, 7, 1, 4, 10),
(4, 7, 8, 5, 9, 7, 4);

--
-- Inserting data into table terapia
--
INSERT INTO terapia(Codice, DataInizio, DataFine, CodiceProblema) VALUES
(1, '2018-01-14', '2018-01-17', 7),
(2, '2018-07-01', '2018-07-09', 3),
(3, '2019-09-07', '2019-09-10', 9),
(4, '2018-03-20', '2018-03-24', 1),
(5, '2019-10-23', '2019-11-03', 9),
(6, '2018-01-14', '2018-01-30', 7),
(7, '2019-03-24', '2019-04-02', 1),
(8, '2019-02-01', '2019-02-06', 12),
(9, '2018-10-17', '2018-10-22', 4),
(10, '2019-06-20', '2019-07-04', 6),
(11, '2019-12-31', '2020-01-03', 2),
(12, '2019-12-27', '2020-01-11', 11),
(13, '2019-11-09', '2019-11-26', 5),
(14, '2018-10-02', '2018-10-14', 11);

--
-- Inserting data into table tracciamento
--
INSERT INTO tracciamento(CodiceSpedizione, DataOrario, Hub) VALUES
(3, '2019-06-20 20:10:00', 'Arezzo'),
(3, '2019-09-13 05:46:09', 'Olbia-Tempio'),
(4, '2019-09-13 05:46:09', 'Roma'),
(1, '2019-01-08 02:20:28', 'Pisa'),
(1, '2019-04-08 20:10:05', 'Avellino'),
(2, '2019-04-08 20:10:05', 'Macerata'),
(2, '2019-06-20 20:10:00', 'Prato');

--
-- Inserting data into table uscita
--
INSERT INTO uscita(CodiceAnimale, CodicePascolo, OrarioRientro) VALUES
(17, 1, '12:51:03'),
(13, 1, '13:01:23'),
(29, 1, '13:15:32'),
(1, 1, '13:29:38'),
(25, 1, '12:59:05'),
(33, 1, '13:04:56'),
(26, 2, '09:41:01'),
(27, 2, '10:37:45'),
(3, 3, '15:03:32'),
(6, 3, '14:41:45'),
(15, 3, '14:25:04'),
(19, 3, '14:59:05'),
(30, 6, '09:29:32'),
(34, 6, '09:09:01'),
(22, 6, '09:16:52'),
(18, 6, '09:11:04'),
(2, 6, '09:05:58'),
(4, 6, '08:45:02'),
(23, 7, '20:35:59'),
(16, 7, '20:09:57'),
(12, 7, '19:30:43'),
(28, 8, '12:26:02'),
(31, 8, '11:33:59'),
(24, 8, '11:39:16');

--
-- Inserting data into table visita
--
INSERT INTO visita(NomeArea, CodiceItinerario, Durata, NumeroOrdine) VALUES
('B-Laboratorio', 2, '01:00:00', 6),
('B-Cantina', 7, '01:00:00', 4),
('B-Laboratorio', 3, '01:45:00', 3),
('L-Cantina', 5, '01:45:00', 6),
('L-Laboratorio', 1, '00:00:00', 6),
('L-Cantina', 6, '01:30:00', 2),
('L-Allevamento', 3, '01:45:00', 4),
('B-Allevamento', 1, '01:00:00', 4),
('B-Cantina', 5, '01:00:00', 1),
('B-Laboratorio', 4, '00:45:00', 3),
('L-Allevamento', 2, '01:45:00', 1),
('L-Laboratorio', 2, '00:30:00', 4),
('B-Allevamento', 7, '00:15:00', 4),
('B-Dispensa', 3, '01:00:00', 3),
('L-Bosco', 6, '01:00:00', 6),
('L-Allevamento', 1, '00:00:00', 2),
('B-Dispensa', 5, '01:00:00', 6),
('L-Cantina', 4, '00:30:00', 2),
('B-Cantina', 6, '01:15:00', 3),
('B-Dispensa', 4, '01:00:00', 5),
('L-Bosco', 7, '01:30:00', 2);